axis,size,objective,seed,dir1_auc,mag_r2,vol20_r2,regime_bacc,effective_rank,supervised_sharpe
feature,4,auto,20260814,0.49071679438058746,0.072198023173761,0.20637783977154134,0.8745519713261648,4.200183391571045,1.1541839118481927
feature,4,auto,111,0.4967233397190294,0.02213727251756481,0.2688479479232123,0.8374264503296761,5.110148906707764,0.9266668103423966
feature,4,auto,222,0.5093350893997446,0.05854769404003268,0.29257755462278046,0.8728359696101631,4.652688980102539,0.7867328619689001
feature,4,auto,333,0.5125798212005108,0.017388060959541485,0.26950710278982737,0.8598690856755372,4.794863700866699,0.35667564723634737
feature,4,auto,444,0.5084730204342274,0.05427988794136396,0.22510838835676616,0.8635501861308313,4.81852388381958,0.7002879717474453
feature,4,auto,555,0.511522190293742,0.048125302247892576,0.34807391626030004,0.8100157132415197,4.212369918823242,0.7461833232568372
feature,4,auto,666,0.5078783524904215,0.10037144480065252,0.28824097229003853,0.869334772560579,5.023068904876709,0.5512306333623429
feature,4,auto,777,0.5046775223499361,0.03138789498370331,0.2041453343565348,0.775893195248034,4.758843898773193,0.7284470578121331
feature,4,auto,888,0.49875878033205623,0.02899301378959296,0.22220252825449327,0.881734268831043,4.894145488739014,0.8889139891409689
feature,4,auto,999,0.5116538952745848,0.07089916321288703,0.3227925486252182,0.8716181619407425,4.853216171264648,0.6690071701665011
feature,8,auto,20260814,0.4813817049808429,0.028600729195213948,0.061457995613817706,0.5518329389297132,4.847097396850586,0.635046903219204
feature,8,auto,111,0.514463601532567,0.03230300163499544,-0.06490408519307755,0.5784548687774493,4.87924861907959,0.9967867306746099
feature,8,auto,222,0.5026939655172413,-0.004370999671606146,-0.1026225077637195,0.6354490225457968,4.658805847167969,0.7365037432065168
feature,8,auto,333,0.48322158365261814,-0.06488328504817265,-0.07574657319236411,0.5536873278808763,4.872067928314209,0.018868909035109255
feature,8,auto,444,0.5146072796934866,0.051622448554927924,0.10130107501445518,0.545328738877126,4.866055011749268,0.9610423836948963
feature,8,auto,555,0.4940014367816092,-0.02281820382109312,0.06061754115094187,0.6776118389021616,4.937166690826416,0.17071549810993902
feature,8,auto,666,0.5201748084291188,-0.040731144645364425,0.12935179018738063,0.6915574980091108,4.860536575317383,0.5568084473276078
feature,8,auto,777,0.5000558748403576,-0.002103175325007367,0.0047755534815761,0.7090219670864832,4.876216411590576,0.3494099977223923
feature,8,auto,888,0.534566570881226,0.03730542733513886,0.0855369086855664,0.6062530901240579,4.774229526519775,0.6948575370148556
feature,8,auto,999,0.5321839080459769,0.029866583432567984,0.04516961067706571,0.5890276535437825,4.80110502243042,1.619829610294997
feature,12,auto,20260814,0.5205180395913154,0.029694920644839806,-0.08070253090316393,0.5607589155976253,4.952221393585205,1.2364611868672
feature,12,auto,111,0.49291187739463604,0.037011116263541144,-0.0036895105541485673,0.53932273287112,4.894405841827393,0.9057139203894574
feature,12,auto,222,0.5024225734355044,-0.010949911394420697,0.13696636593858835,0.763732731474667,4.864045143127441,0.5666728317024862
feature,12,auto,333,0.4822836845466156,-0.025509517943766546,0.11304165725492488,0.6621024040378879,4.731196880340576,-0.30459205586064286
feature,12,auto,444,0.5038473818646232,-0.03648951166732095,0.11281491116289266,0.5991022442635345,4.979360580444336,0.7400450444894298
feature,12,auto,555,0.5174449233716476,-0.03415516242857186,-0.025669038503729702,0.6203962655575559,4.763268947601318,0.6945945212049185
feature,12,auto,666,0.4824273627075351,-0.010748716435669659,0.017100501489371034,0.7704860285505446,5.125459671020508,0.24800712450803492
feature,12,auto,777,0.5120609833971903,-0.03773460144798513,-0.22177465501158178,0.617652424104037,4.858078956604004,0.5743759642199747
feature,12,auto,888,0.49699872286079183,0.01930967364444358,0.17128245359210226,0.6878348813832685,4.772572994232178,1.0011299705586683
feature,12,auto,999,0.5018239144316731,0.03653232225993064,0.07431747873315875,0.5892767505670732,4.695662975311279,0.9193902899749098
feature,16,auto,20260814,0.5019356641123882,-0.038326637597078994,0.044866809854157474,0.7013829917055724,4.87679386138916,0.4810488180317877
feature,16,auto,111,0.5116379310344827,0.04041823488486729,0.20956796603142036,0.6120791927243541,4.866469860076904,0.48410907982234663
feature,16,auto,222,0.5062978927203065,-0.008680846054641034,0.06836553901562481,0.5337872434646628,4.921204090118408,0.9374074904201074
feature,16,auto,333,0.5014287994891443,-0.02146158353554317,-0.02309120559596667,0.6182235859655215,4.5947346687316895,0.6148089252030072
feature,16,auto,444,0.49086047254150705,-0.03000711777433418,-0.07729022445514944,0.6791479372124534,4.725997447967529,0.47914266094733277
feature,16,auto,555,0.5190493295019157,-0.035071664783097756,0.09697695426207431,0.6285057575380156,4.8454270362854,1.2312137286495897
feature,16,auto,666,0.5134698275862069,0.04101941106091833,0.10171180840617922,0.5526494236171655,4.695769309997559,0.9670362943165858
feature,16,auto,777,0.4940652937420179,-0.005186150843809578,0.03796727780181097,0.6469213243406792,4.87043571472168,0.5309481059585074
feature,16,auto,888,0.5068047573435505,-0.0210634482451717,-0.052571054491900915,0.5628762402955951,4.92948055267334,0.7689922370872174
feature,16,auto,999,0.49815613026819927,-0.03947025296728346,-0.031348471453319426,0.7567026599284663,4.733821868896484,0.3004458515337287
feature,24,auto,20260814,0.5136813537675606,0.033391660100152265,-0.19761026686200145,0.6226456871618162,4.482583045959473,0.8354401377709315
feature,24,auto,111,0.5099616858237548,0.04167516810977123,-0.05566182661175545,0.6113256113256114,4.562353610992432,0.6617829187942285
feature,24,auto,222,0.5189894636015325,0.07657478590109001,-0.1806427490671616,0.6287900804029837,4.4302473068237305,0.9800652934367795
feature,24,auto,333,0.5064695083014048,0.05024596667744685,-0.30012398508295557,0.6171793913729398,4.425468444824219,0.42977269003776436
feature,24,auto,444,0.5028935185185185,-0.07918874685692079,-0.3225199969140988,0.6276137889041115,4.416266441345215,0.5641158449871131
feature,24,auto,555,0.48882503192848015,0.020462465482878445,-0.23461999531837474,0.6294681778552746,4.526642799377441,0.6252740895698256
feature,24,auto,666,0.5120090996168583,0.05606380954971635,-0.2825425477302861,0.6456179681986134,4.53200626373291,0.6551727349007563
feature,24,auto,777,0.5152817688378033,0.021487801870111012,-0.13676307954957667,0.6167503909439394,4.442651748657227,0.6433894733364146
feature,24,auto,888,0.5021272349936142,0.01873034372116944,-0.30062400480230766,0.6303261787132755,4.527872562408447,1.1630018894463883
feature,24,auto,999,0.49201787994891444,-0.02315400545316071,0.1713153479665609,0.6114639985607727,4.508443832397461,0.2624608016531998
feature,32,auto,20260814,0.49269236909323116,0.03667901565749343,0.09302300306337585,0.6259770453318839,5.119863510131836,0.3628981580195701
feature,32,auto,111,0.5024305555555556,0.034641667260026376,0.09705808577213393,0.6881783333396236,5.189895153045654,0.6570606876392144
feature,32,auto,222,0.5187260536398467,0.04700460329577205,-0.07821756860973905,0.7329252167961845,4.950427532196045,0.7916194465645073
feature,32,auto,333,0.5235153256704981,0.025228936286900372,-0.06615315767471874,0.6434729660536113,5.019203186035156,0.6320947112969586
feature,32,auto,444,0.5072477650063857,-0.006103711314933591,0.025735243673759012,0.8469550405034276,5.047243595123291,0.48654598028401314
feature,32,auto,555,0.5122685185185185,0.02852988434051895,-0.040621106601153034,0.6450883225076773,5.1832966804504395,0.8293135791538706
feature,32,auto,666,0.5340197956577267,0.03458773858431474,-0.06057597353348898,0.603921894244475,5.192277908325195,1.199681368217973
feature,32,auto,777,0.5230324074074073,0.00048547245828411967,-0.025711002936709804,0.6257178837823999,5.186383247375488,0.46479219807395317
feature,32,auto,888,0.49733796296296295,0.04283390144347321,-0.026945628659192478,0.6069248972474779,5.109182834625244,0.6011300842504483
feature,32,auto,999,0.5343630268199234,0.07449291379159673,0.1657045599694289,0.7169452653323621,5.243622303009033,1.2758504600903053
feature,4,predictive,20260814,0.4950351213282248,0.08624137176844182,0.4059036138472467,0.8963064446935415,2.631901741027832,1.089859608345361
feature,4,predictive,111,0.4968430715197957,0.05623113016238246,0.42912862460116497,0.8755483594193271,1.9966719150543213,0.8862844917641587
feature,4,predictive,222,0.48705699233716476,0.0625793081473005,0.3885030809511614,0.8749117781375846,2.820915937423706,0.8008175081270482
feature,4,predictive,333,0.49384977650063855,0.04236105620730246,0.3618679835506524,0.8956283472412504,2.367915630340576,0.48393924968554436
feature,4,predictive,444,0.5105204342273308,0.019349648474520587,0.4478619247730893,0.884266755234497,2.0097975730895996,1.1741714895506443
feature,4,predictive,555,0.49642001915708817,0.06820899359758092,0.4047790433846604,0.884266755234497,2.191821813583374,0.6834185997602695
feature,4,predictive,666,0.4920537994891443,0.060218214553312,0.3729978494213462,0.883381076929464,3.286402940750122,0.5525956860550583
feature,4,predictive,777,0.49784881864623237,0.08494916165567701,0.40536732892855665,0.8687673848964171,2.456483840942383,0.8660104338213268
feature,4,predictive,888,0.49839958492975733,0.0734779092723421,0.36884659876273984,0.8966662515049612,2.7018392086029053,1.0196425565861829
feature,4,predictive,999,0.49051325031928483,0.056012980582500815,0.3615944580346542,0.8898437608115027,2.333670139312744,0.707050340064798
feature,8,predictive,20260814,0.5196120689655173,-0.01778741565486297,0.07481195870128332,0.5582541066412033,2.7743353843688965,1.0363887340856675
feature,8,predictive,111,0.5055076628352491,-0.022631531207913724,0.043692424140127195,0.5830530991821314,2.9253504276275635,0.5155736394443328
feature,8,predictive,222,0.5222581417624521,-0.07690977832208157,-0.14770407797545126,0.5888376856118792,2.909433126449585,0.9447674317095499
feature,8,predictive,333,0.5057391443167305,-0.028991284903631342,-0.06338830781559168,0.5924495924495924,2.632495641708374,0.6511079812853495
feature,8,predictive,444,0.507132024265645,-0.008028103545156373,0.06175537318237534,0.5741547999612516,2.8317582607269287,0.7517138843395812
feature,8,predictive,555,0.5181353767560665,0.04708437406976684,0.0817925115109086,0.5770886093466738,3.022714376449585,0.7473226027229228
feature,8,predictive,666,0.5199952107279694,-0.0187869094110793,-0.0061945208681699615,0.5748328974135425,2.135822296142578,0.8476578340419575
feature,8,predictive,777,0.5203184865900383,0.008278741512813381,0.2041111994247775,0.5780849974398361,2.2435097694396973,1.0725545075025706
feature,8,predictive,888,0.5175167624521073,0.02725958689512009,0.19862621980626716,0.5810464842722908,2.2664763927459717,0.6618768289244233
feature,8,predictive,999,0.503500159642401,-0.002023037677416406,0.08708703105336757,0.5936950775660453,2.3092474937438965,0.2856853430308206
feature,12,predictive,20260814,0.5230124521072796,0.024499944237026283,0.02989119217809677,0.5714700875991199,2.325676441192627,0.9462021788330869
feature,12,predictive,111,0.525846104725415,-0.008028104405481296,0.11590359301552222,0.570612086741119,2.294945478439331,0.6818296977359958
feature,12,predictive,222,0.5375119731800766,-0.052527683631589106,-0.03292067497697038,0.583302196205422,2.0591814517974854,1.043127999125372
feature,12,predictive,333,0.5124920178799489,0.02415555051862206,0.0673039304476718,0.5863467153789735,3.176659107208252,0.7985674216082687
feature,12,predictive,444,0.5169620051085568,0.004270240284551252,-0.014122213349897494,0.5935151741603355,2.6513760089874268,0.8055448360525693
feature,12,predictive,555,0.5200949872286079,0.07806711692546486,0.15709344546577952,0.5741132837907031,2.5765464305877686,0.8955520286563246
feature,12,predictive,666,0.5045098978288634,-0.009172026808244027,0.12721507902543583,0.5707919901468288,2.3252768516540527,0.1477930171762324
feature,12,predictive,777,0.5157527139208173,-0.03991643477916762,-0.04329197843521526,0.5885193949710078,2.9471306800842285,0.8540373176268747
feature,12,predictive,888,0.5258101851851851,-0.01089424000366579,0.18260382580128676,0.597206339141823,2.531848907470703,0.7491744030383571
feature,12,predictive,999,0.5155611430395913,-0.053467769586084124,0.133565811505452,0.5996696319276964,2.2411084175109863,0.7811522864426204
feature,16,predictive,20260814,0.5029134738186463,-0.024584092195914842,0.01680196276529078,0.5746253165608004,2.4121456146240234,0.6466207164131468
feature,16,predictive,111,0.5092991698595147,-0.014748887181791126,-0.049922456446250374,0.5706951190822158,2.281172752380371,0.7570769419210713
feature,16,predictive,222,0.5211406449553001,0.007547354331153944,0.07277437588161773,0.7710848678590615,2.167396306991577,0.7715928617642739
feature,16,predictive,333,0.5229286398467433,0.048685828212489235,0.027075984701974365,0.5766596089176734,2.488109588623047,0.947504201410178
feature,16,predictive,444,0.5247246168582376,-0.07905649597473619,-0.3683993851421914,0.6443787734110316,2.2751448154449463,0.7412506375894071
feature,16,predictive,555,0.532734674329502,0.007548991999285493,0.15714424711180952,0.6064921226211548,2.3994593620300293,1.2583390301465673
feature,16,predictive,666,0.5336127075351214,-0.038507361050604594,0.06869720935846335,0.5814062910837104,2.494157075881958,1.2524552164798688
feature,16,predictive,777,0.5238066730523627,-0.026841047496462433,0.10353413854623383,0.5712209905758293,2.1776626110076904,1.0598997025931125
feature,16,predictive,888,0.49022589399744576,0.032810451681633435,0.008470915971354964,0.5643016288177578,2.731945037841797,0.468273321122481
feature,16,predictive,999,0.52117656449553,-0.01623176034229612,-0.05549797453591765,0.5983448886674693,2.4822123050689697,0.6612997025044951
feature,24,predictive,20260814,0.51735312899106,0.05586704765671924,-0.23464404484777512,0.6138580977290654,3.3483808040618896,0.4733495103294525
feature,24,predictive,111,0.5194324712643678,0.003943235253850319,-0.038359144718987714,0.595992305669725,2.9513206481933594,0.6257856002658041
feature,24,predictive,222,0.5286637931034482,-0.011266828150435337,0.0005411071923906441,0.6263544650641425,2.876368761062622,0.3769333342456947
feature,24,predictive,333,0.5315573116219667,-0.002081275239355529,0.01771550415344214,0.6193243935179419,2.8694369792938232,1.1118521089695057
feature,24,predictive,444,0.5323395593869731,-0.0029679571497573942,-0.23728792783768804,0.6157124866802286,2.9370405673980713,0.5555631130100198
feature,24,predictive,555,0.5373762771392081,-0.009825467190027748,-0.5806946977276382,0.6119621926073538,2.825788736343384,0.9506170702408661
feature,24,predictive,666,0.5223579182630906,0.02040056692947223,0.036071067495321185,0.6004206971948908,2.7974658012390137,0.5690034372819222
feature,24,predictive,777,0.5261773627075351,-0.05382779927344594,0.09798550446754117,0.6706031544741222,2.593270778656006,0.7838740302077462
feature,24,predictive,888,0.5287875159642401,0.0015062189753477506,-0.2929842561636662,0.6120729023954831,3.0082154273986816,0.4846368149792294
feature,24,predictive,999,0.5343350893997446,-0.0292924732865949,-0.12241120186134613,0.5862775217613927,2.9229254722595215,0.6339210831713611
feature,32,predictive,20260814,0.5219867496807151,-0.04886521651513531,0.07691158997789749,0.6275307565630146,3.0772922039031982,0.7414287266807976
feature,32,predictive,111,0.5302522349936143,0.01655628930911035,0.013790943149791346,0.6051673793609278,3.220257043838501,1.3129731495196615
feature,32,predictive,222,0.5260456577266922,-0.02282279829094458,-0.03679508515394092,0.6419054160989645,2.6474578380584717,0.13904550497949186
feature,32,predictive,333,0.536286717752235,-0.015723585269599827,-0.1504534533238806,0.5907751069041391,3.251929521560669,0.8007532843093735
feature,32,predictive,444,0.5293622286079183,0.03853968247585826,-0.08870012676914141,0.6660539886346338,3.413820505142212,0.9595273859705652
feature,32,predictive,555,0.5140086206896552,0.00018355639769473964,0.005151267185832253,0.598026598026598,3.615434169769287,0.36872867566429607
feature,32,predictive,666,0.5242616538952746,-0.137620150929334,-0.18524105845443084,0.5803822255435159,3.0461623668670654,0.2814284708653241
feature,32,predictive,777,0.5330459770114943,0.037658548127276315,0.06673537855398781,0.6451159999547097,3.398698568344116,0.03999132093789209
feature,32,predictive,888,0.522896711366539,-0.08114204686114257,-0.20284440551424532,0.6119621926073538,3.392637252807617,0.07084550884546535
feature,32,predictive,999,0.5173611111111112,-0.047250890697180026,-0.12076530054795676,0.617207068819972,3.0263545513153076,0.0993807270572591
feature,4,contrastive,20260814,0.5300925925925926,0.08910516521318135,0.16901346245690596,0.8378239991143217,5.177664756774902,1.0713633492781625
feature,4,contrastive,111,0.5245649744572158,0.0024471316573271285,0.18677313711193733,0.8516488839069485,4.947959899902344,1.0612202952453675
feature,4,contrastive,222,0.501867816091954,0.012590855609410201,0.2278902949199788,0.884446658640207,4.188627243041992,1.0480478880314281
feature,4,contrastive,333,0.5140724776500638,0.007003213029748823,0.2123614608138269,0.8508600766665282,5.164874076843262,0.32439817761791756
feature,4,contrastive,444,0.5169021392081737,0.025441115042005524,0.07857496789436624,0.8508600766665282,4.502889633178711,1.2025250708558617
feature,4,contrastive,555,0.5081257982120051,0.039037354106312594,0.1666630206870653,0.8541536928633703,4.546492099761963,0.5443606571150246
feature,4,contrastive,666,0.5223978288633461,0.0753451646817056,0.09642963301648477,0.8621524750557009,4.6187520027160645,1.0936425568965482
feature,4,contrastive,777,0.5253352490421456,0.05132601020585614,0.22266835965643228,0.8620140878205395,4.686460494995117,1.0180682757839488
feature,4,contrastive,888,0.5211645913154535,0.04312579174059705,0.11768454288819741,0.8613636678152807,4.566866874694824,1.449572978064654
feature,4,contrastive,999,0.5163274265644956,0.045280991012069505,0.15865144557186317,0.8655844784877043,4.3683600425720215,0.4658448242302874
feature,8,contrastive,20260814,0.5141722541507024,0.050193603360099925,-0.05366777448072124,0.6655029558255365,5.3433942794799805,0.3167862156581613
feature,8,contrastive,111,0.5230124521072796,0.04556330849415491,0.039148967399276424,0.797256410159636,5.033206462860107,1.115427331038663
feature,8,contrastive,222,0.5139647190293742,-0.0032726204724147223,0.029402956595480423,0.9104219426800072,5.019715309143066,0.3315120220613716
feature,8,contrastive,333,0.5149185823754788,0.033370849640121714,0.03748970418576392,0.8045494174526433,5.199192523956299,0.9153637415099438
feature,8,contrastive,444,0.49513489782886333,0.012566161882000104,0.03736841438086813,0.8497051722858174,4.774702548980713,0.21742914967752633
feature,8,contrastive,555,0.5086725734355044,0.0015835273314324105,-0.10295406225026005,0.8333478010897366,5.335482597351074,0.20444876884853289
feature,8,contrastive,666,0.499624840357599,0.02593964304775498,-0.05668586277551135,0.8454252325220067,5.0209760665893555,0.39075821684646056
feature,8,contrastive,777,0.5001516602809706,0.0027741315242398867,-0.1315557019893141,0.8981331561976723,4.984923839569092,0.2735158543017817
feature,8,contrastive,888,0.4764846743295019,-0.04823828578704803,0.03285929776996921,0.7843209778693648,5.371028900146484,-0.2050615243733913
feature,8,contrastive,999,0.5123323754789272,0.058224526251305475,0.10281732312433345,0.8223636288152418,5.057339191436768,1.3054101604468664
feature,12,contrastive,20260814,0.5044420498084291,0.03314815218666878,0.08925392846833569,0.8606755058367962,5.067505836486816,0.4604834259513809
feature,12,contrastive,111,0.5253152937420179,0.056691369423950144,0.16955377441263686,0.9026999349579995,4.667075157165527,1.393553501697356
feature,12,contrastive,222,0.5199273627075351,0.03639523908715425,0.19902745820091794,0.8127281030506838,5.03489351272583,0.6459443929263577
feature,12,contrastive,333,0.5320242656449553,-0.011267873276435525,0.1537644472884615,0.6863818154140735,5.1258463859558105,1.4739224890500149
feature,12,contrastive,444,0.5153336526181354,0.02300759615910819,0.012977082565597708,0.6858320406707503,4.929697036743164,0.8556083806583651
feature,12,contrastive,555,0.48638250319284804,0.002743747840795896,0.10722575875570883,0.7047835434932209,4.891648769378662,-0.1676520943993949
feature,12,contrastive,666,0.4961366538952746,-0.02191173914837985,-0.10822704459165622,0.7691298336459628,5.2079315185546875,0.3913460363506822
feature,12,contrastive,777,0.5135775862068965,0.05042706445180378,-0.0033587210934307166,0.7775576162672936,4.967909336090088,1.0610778166200159
feature,12,contrastive,888,0.5225574712643678,-0.01440700004590667,0.05827777736975459,0.697919536629214,4.942806243896484,1.37361212821758
feature,12,contrastive,999,0.5285680076628353,0.048828041398873756,-0.0768607401541137,0.9042083558212591,5.598637104034424,0.6893908292861191
feature,16,contrastive,20260814,0.5181234035759897,-0.016569429928536383,-0.04204117831308096,0.8762163923454246,4.96466064453125,1.5042569125230916
feature,16,contrastive,111,0.5149066091954023,0.00635064213051284,-0.0542888276960547,0.7949629562532788,5.212000370025635,0.7992000708256318
feature,16,contrastive,222,0.5033644636015325,-0.01830318523154273,-0.1251799913683218,0.7245729181213051,4.523347854614258,-0.10947197800796234
feature,16,contrastive,333,0.516087962962963,0.012969557977130952,-0.03128661424357282,0.876548521709812,4.905841827392578,0.4520631964477166
feature,16,contrastive,444,0.525103767560664,0.04443514160328843,0.19082134865285483,0.787950497627917,5.291278839111328,1.0216666994748531
feature,16,contrastive,555,0.5415269795657727,0.040184133903316877,0.07509369917501918,0.7757132918423242,5.221151828765869,1.9374939544377068
feature,16,contrastive,666,0.5056114303959132,0.020773099483447632,0.1460162390502161,0.8615158937739583,5.293099403381348,0.9272296957163321
feature,16,contrastive,777,0.5129469987228608,-0.043596556201868975,0.0403014329944551,0.8417164546196805,5.352675914764404,1.0590522579081179
feature,16,contrastive,888,0.5172772988505747,0.021740087550339737,-0.04051188098560399,0.7796334247947151,5.240463733673096,0.8840414255477566
feature,16,contrastive,999,0.5243614303959132,0.06424757157153371,0.05131032141622871,0.7353256062933481,5.09361457824707,1.211347603522745
feature,24,contrastive,20260814,0.5196240421455939,-0.020421071971288285,-0.2929331327545408,0.6507445862284572,5.856651306152344,0.23514586081577682
feature,24,contrastive,111,0.4973339719029375,0.04089077460154644,0.07277611282197072,0.7438578083739374,5.566374778747559,0.9650428947758509
feature,24,contrastive,222,0.5258939974457216,0.02655517518281103,-0.08835897123745551,0.6141763883699367,5.671284198760986,0.8448821918748828
feature,24,contrastive,333,0.5003472222222223,0.04848826799803152,-0.26657235709276783,0.6048906048906049,5.540732383728027,0.2787027688205247
feature,24,contrastive,444,0.5507383461047254,0.007098716679243222,-0.37044921536028075,0.6098863840799326,5.541011333465576,1.4026081299138529
feature,24,contrastive,555,0.5413154533844188,0.016082021630543064,-0.15839544609971523,0.576811834876351,5.398601055145264,1.0765774622996755
feature,24,contrastive,666,0.5479525862068966,0.021565830091036742,-0.07187778652567522,0.577489932328642,5.559398651123047,1.466750798792577
feature,24,contrastive,777,0.5223259897828862,-0.02389100660823562,-0.15623354348500795,0.6531386853967499,5.641403675079346,1.2507978867680205
feature,24,contrastive,888,0.497948595146871,0.024377434480449822,-0.15782290005713917,0.6434415144092563,5.204641342163086,0.7696274801588495
feature,24,contrastive,999,0.540720785440613,0.048921411700938666,-0.08628162052498234,0.5858485213323923,5.414175987243652,1.7613076729289154
feature,32,contrastive,20260814,0.5175127713920817,0.016423708760242905,-0.10938726932532816,0.5869556192136837,6.076513767242432,0.8391225268070257
feature,32,contrastive,111,0.5211047254150702,0.04551733827282578,0.16925202133998407,0.6018184082700212,6.366046905517578,1.0900608904064024
feature,32,contrastive,222,0.526500638569604,0.0411882751267042,-0.020466658848215857,0.8463461366687174,5.949287414550781,1.1464183161807864
feature,32,contrastive,333,0.5191890166028097,0.03545627619902858,0.05973110109823643,0.731707409126764,5.768664360046387,1.0402118749924887
feature,32,contrastive,444,0.5230124521072796,0.01730952050411494,-0.12586012891933884,0.6774256451675806,5.910190105438232,1.1398181441079283
feature,32,contrastive,555,0.5305555555555556,0.047603455525003224,0.06046016102516216,0.5889207179529761,5.618322849273682,1.3571637596993076
feature,32,contrastive,666,0.5167265325670498,0.047444919891564075,-0.10171691015767825,0.62229594487659,5.966088771820068,1.2441926599968478
feature,32,contrastive,777,0.5103647828863346,0.03952196979032496,-0.25329822427126825,0.6074331558202526,5.955245018005371,0.7158489996397335
feature,32,contrastive,888,0.514778895274585,0.01922471271441606,-0.14928348999607732,0.6074922849116398,6.248471736907959,0.6271849870163727
feature,32,contrastive,999,0.5057590996168582,-0.006928331419031819,-0.01663365811071582,0.7354577031996388,6.101278781890869,0.8773369521848018
dim,4,auto,20260814,0.49242895913154533,0.09249545708065599,0.2063918815077348,0.5630724985563694,1.599164605140686,0.6444807128624599
dim,4,auto,111,0.4874720625798211,0.06693045542933707,0.11186226978606906,0.41828925699893443,1.9665833711624146,0.8640952504241857
dim,4,auto,222,0.49331497445721584,0.1044333795753315,0.13608352026925896,0.6119986765148056,1.8272037506103516,0.7863757635166201
dim,4,auto,333,0.4934386973180077,0.10210983127937867,0.19483382861501353,0.8082267437106148,1.9265830516815186,0.799430009459408
dim,4,auto,444,0.4947557471264368,0.08058607259254302,0.10590087693188532,0.8023415120189314,2.0225443840026855,0.9342234240762763
dim,4,auto,555,0.5020992975734355,0.0574427456993597,0.1357743276945046,0.765198378101604,2.045988082885742,0.5296743679798619
dim,4,auto,666,0.49991219667943804,0.12249340633679628,0.2877249912504731,0.5726174435851855,2.244363784790039,0.7863757635166201
dim,4,auto,777,0.5173970306513409,0.136883353060278,0.3397196413420519,0.7828465247820087,1.7277724742889404,0.8535507152755489
dim,4,auto,888,0.49860712005108554,0.1239212949229076,0.28423625249222884,0.7356740905128002,1.8918323516845703,1.0152835915529714
dim,4,auto,999,0.4937340357598978,0.06768675629606691,0.06578247371563639,0.8531849822172403,1.928238868713379,0.8199049148762801
dim,8,auto,20260814,0.4962005108556833,0.1179334286356748,0.23390974277997167,0.7068555778233198,2.18131422996521,0.6693231227654465
dim,8,auto,111,0.4990301724137931,0.10274288011421595,0.0206739564825974,0.6572412378863991,2.292027235031128,1.1649799407395904
dim,8,auto,222,0.48511334610472545,0.12319601029746119,0.29156878392473695,0.8577517609775674,2.447216272354126,0.8881330015934513
dim,8,auto,333,0.4954062899106002,0.12696473913065864,0.18306072848545496,0.7465173594205852,2.357389450073242,0.5903184779672928
dim,8,auto,444,0.4928320561941251,0.12251044372124897,0.22955203165370386,0.569694956791731,2.292870044708252,0.7393554836840834
dim,8,auto,555,0.4785600255427842,0.13764262054879672,0.22079890824954063,0.684163845454168,2.5041801929473877,0.717509639649794
dim,8,auto,666,0.4800047892720307,0.10985947938867158,0.2659489966863632,0.8310707020384439,2.417733907699585,0.6952038900142617
dim,8,auto,777,0.4929038952745849,0.10812065263897952,0.20603093914920356,0.5705353447288931,2.1360559463500977,0.711680981340192
dim,8,auto,888,0.4955100574712644,0.09242441927876122,0.13829141004871115,0.5256462998398482,2.275092124938965,0.7863757635166201
dim,8,auto,999,0.4803999042145594,0.13007736265454783,0.2387023677420348,0.6012636012636013,2.370206356048584,0.7545594682547739
dim,16,auto,20260814,0.5210608237547893,0.1265624502973608,0.21315281180439327,0.9224616321390515,3.00870418548584,0.6741970970454066
dim,16,auto,111,0.4900981800766283,0.10600283177969705,0.23573295877587663,0.9090657477754251,2.8315770626068115,0.5683479258627991
dim,16,auto,222,0.522102490421456,0.09184086770278488,0.1540290919288977,0.9008732234538686,2.884725570678711,0.7418441535586565
dim,16,auto,333,0.49842353128991057,0.0797924504792652,0.24100815311611168,0.750216072796718,3.0496206283569336,0.6884336175025275
dim,16,auto,444,0.4951867816091954,0.1143405635756024,0.3203370866050793,0.5991714378811153,2.9063668251037598,0.8517656051156675
dim,16,auto,555,0.5117975734355045,0.13049227599677138,0.19353083341920352,0.5653672105285009,3.0048954486846924,1.1919832290143793
dim,16,auto,666,0.4914311941251597,0.11260847267626883,0.20200057822859452,0.7357860583667035,3.0387001037597656,0.8011442342779652
dim,16,auto,777,0.49699872286079183,0.1252995972338471,0.10339145987367537,0.7348173477205736,3.00274920463562,0.9321748180960641
dim,16,auto,888,0.4925167624521073,0.10583779046121844,0.26907547544260324,0.5738641867674126,3.0181524753570557,0.5785160264565934
dim,16,auto,999,0.49957694763729243,0.06460872625886027,0.19002982813864122,0.922420115968503,3.0406062602996826,0.6939181853846959
dim,32,auto,20260814,0.49770913154533847,0.08717108564159659,0.1538143535974732,0.6883645270742046,3.7929298877716064,1.1212866216858322
dim,32,auto,111,0.5041626756066411,0.07811921661342447,0.27394194938423255,0.5895950412079444,3.7466468811035156,0.8916145684497748
dim,32,auto,222,0.5232798531289911,0.07280134668678107,0.25359188628332097,0.7418159676224193,3.636645793914795,0.8261892254629625
dim,32,auto,333,0.5192488825031929,0.02822650493741341,0.22600396939153655,0.5784309655277396,3.7276878356933594,1.1214804139508452
dim,32,auto,444,0.4961127075351214,0.08361315913687206,0.23802897448143845,0.5714285714285714,3.810790538787842,0.6917762453065982
dim,32,auto,555,0.5238346104725415,0.05298018465904364,0.13876811289408775,0.568868407578085,3.8230433464050293,0.8936291520295783
dim,32,auto,666,0.5097341954022988,0.1099494971575612,0.2896400743075258,0.6435585145262565,3.713385581970215,0.5377283432547398
dim,32,auto,777,0.49874281609195403,0.08998557324396261,0.13756940115419958,0.560828109215206,3.8627169132232666,1.2941507684872837
dim,32,auto,888,0.5122006704980843,0.06343910236554262,0.14338639607398584,0.605537250698541,3.9412567615509033,0.7808688171374581
dim,32,auto,999,0.5029613665389527,0.06991402273531888,0.14894703741933402,0.6803242287113256,3.797022581100464,0.4605024695222369
dim,64,auto,20260814,0.5129988825031928,0.049662634301678166,-0.12283218999778556,0.6186525863945219,4.51082181930542,0.8178194965333961
dim,64,auto,111,0.5012492017879948,0.037718483955615834,0.2572021405085938,0.5428931235382848,4.589432716369629,0.5489191829962836
dim,64,auto,222,0.5014966475095786,0.033089026492497675,0.12587771571043604,0.7227084646439486,4.4118499755859375,0.9474671219239276
dim,64,auto,333,0.4975933908045977,0.07846609939939919,0.10564024414047657,0.5706259254646352,4.594661712646484,0.8864039658554757
dim,64,auto,444,0.49519476372924653,0.04418768404585249,0.310610244459234,0.5721897012219593,4.647500514984131,0.9219275737678326
dim,64,auto,555,0.4984594508301405,0.033462145654956754,0.1636185082931484,0.656535462987076,4.465435981750488,1.129830300051822
dim,64,auto,666,0.4989503512132823,0.05643965354504754,0.18272679032880446,0.6333040204007946,4.701286315917969,0.7708880971284576
dim,64,auto,777,0.49948515325670495,0.026981825861960518,0.04907058978557022,0.5662629533597275,4.427684783935547,1.0740516378788234
dim,64,auto,888,0.518470625798212,0.05994814641745516,0.17397441522231494,0.5524280040409072,4.717014789581299,0.9395078067910556
dim,64,auto,999,0.5050526819923371,0.07961590702871357,0.02220304448825272,0.7622658267819559,4.63526725769043,0.6028668341367245
dim,128,auto,20260814,0.4813817049808429,0.028600729195213948,0.061457995613817706,0.5518329389297132,4.847097396850586,0.635046903219204
dim,128,auto,111,0.514463601532567,0.03230300163499544,-0.06490408519307755,0.5784548687774493,4.87924861907959,0.9967867306746099
dim,128,auto,222,0.5026939655172413,-0.004370999671606146,-0.1026225077637195,0.6354490225457968,4.658805847167969,0.7365037432065168
dim,128,auto,333,0.48322158365261814,-0.06488328504817265,-0.07574657319236411,0.5536873278808763,4.872067928314209,0.018868909035109255
dim,128,auto,444,0.5146072796934866,0.051622448554927924,0.10130107501445518,0.545328738877126,4.866055011749268,0.9610423836948963
dim,128,auto,555,0.4940014367816092,-0.02281820382109312,0.06061754115094187,0.6776118389021616,4.937166690826416,0.17071549810993902
dim,128,auto,666,0.5201748084291188,-0.040731144645364425,0.12935179018738063,0.6915574980091108,4.860536575317383,0.5568084473276078
dim,128,auto,777,0.5000558748403576,-0.002103175325007367,0.0047755534815761,0.7090219670864832,4.876216411590576,0.3494099977223923
dim,128,auto,888,0.534566570881226,0.03730542733513886,0.0855369086855664,0.6062530901240579,4.774229526519775,0.6948575370148556
dim,128,auto,999,0.5321839080459769,0.029866583432567984,0.04516961067706571,0.5890276535437825,4.80110502243042,1.619829610294997
dim,4,predictive,20260814,0.5003871328224776,0.10907705463665418,0.3033070083222422,0.6117810311358699,2.3186936378479004,0.7863757635166201
dim,4,predictive,111,0.529669540229885,0.12691168145616527,0.3652918053513885,0.44656176914241436,1.781193733215332,0.9385556657152861
dim,4,predictive,222,0.514280012771392,0.043591367096435074,0.0011123917809019446,0.3901412933670998,1.6852432489395142,0.9920581298619807
dim,4,predictive,333,0.5128711685823755,0.141329324150691,0.35681330307855996,0.722129754387819,1.7100725173950195,0.7152214204106152
dim,4,predictive,444,0.5186422413793103,0.14027351577524383,0.22687558005682196,0.5615565292984649,1.3167171478271484,0.8575216094281605
dim,4,predictive,555,0.5230563537675608,0.10625779262297241,0.3004381270809434,0.7146606178864242,1.4047586917877197,0.740237720505595
dim,4,predictive,666,0.5043941570881225,0.14664428911895344,0.4043162304092087,0.8070743554614523,1.8054604530334473,0.7863757635166201
dim,4,predictive,777,0.4996727330779055,0.10570631040871281,0.3149015377656603,0.48478432349400097,1.7223137617111206,0.7863757635166201
dim,4,predictive,888,0.5101333014048531,0.13662495581002954,0.2589422693060083,0.5640235962816608,1.6192151308059692,0.7121631571319705
dim,4,predictive,999,0.5091036079182631,0.11293597568979086,0.3138452297611779,0.7576701125088222,2.1323726177215576,0.7265783138376372
dim,8,predictive,20260814,0.49885855683269476,0.11374823750928331,0.24645966153178456,0.7143775530872305,2.2041056156158447,1.1527499530993086
dim,8,predictive,111,0.51977969348659,0.10453590533178125,0.28278762808176483,0.8237714044165657,2.0937914848327637,0.8170971609176355
dim,8,predictive,222,0.5069364623243934,0.13032526180468096,0.3664331243969321,0.7770418092998739,1.55164635181427,1.058088203988075
dim,8,predictive,333,0.4812140804597701,0.10922165054768873,0.3645383221470635,0.8495453979324946,2.2834508419036865,0.9104305290029834
dim,8,predictive,444,0.5156130268199233,0.08329377403476157,0.32224863654785196,0.8679093840384162,1.7928807735443115,1.2081596283906595
dim,8,predictive,555,0.4901021711366539,0.12670013069053454,0.31616766803724383,0.6674366029204739,2.293952465057373,0.7859577704991424
dim,8,predictive,666,0.5031050446998723,0.13831011210083155,0.39552557222262164,0.852815110879627,1.7568974494934082,0.8128102332066857
dim,8,predictive,777,0.511330619412516,0.11364186820904931,0.3533191445516546,0.5921476566637857,2.489624261856079,1.21413560015908
dim,8,predictive,888,0.5036238825031929,0.06880581995261426,0.14846077626114695,0.8252483736354704,1.9058263301849365,1.0379998466344273
dim,8,predictive,999,0.5023068326947637,0.07554372917693897,0.3067537224749566,0.8344926409442538,2.8472301959991455,0.6917255072987506
dim,16,predictive,20260814,0.5032447318007663,0.0774132091453138,0.08160622574941079,0.9044436141210334,2.659958839416504,0.803610553560835
dim,16,predictive,111,0.5144236909323116,0.08585636716605771,0.21581367167459653,0.739574094412804,2.4386985301971436,0.770227505644768
dim,16,predictive,222,0.5206736909323116,0.062051601606391005,0.3179057541139182,0.725268628494435,2.880650043487549,0.8852262142332099
dim,16,predictive,333,0.49838362068965514,0.043256974019748706,0.1551994874971001,0.8663908986489632,2.3553154468536377,0.7848298481704337
dim,16,predictive,444,0.5180236270753512,0.06410061128426303,0.3324401291544087,0.8962649285229931,2.175703525543213,0.6557646694045839
dim,16,predictive,555,0.49795657726692205,0.08857774038276756,0.22531340452391724,0.7521497198916554,2.908827304840088,1.1270038611545181
dim,16,predictive,666,0.5042983716475096,0.07548061791370975,0.054584243937454646,0.5659446627188562,2.579270124435425,1.022740274959187
dim,16,predictive,777,0.5062819284802043,0.05663266254479993,0.1838854204625726,0.6349684414200544,2.1248886585235596,1.286841206422836
dim,16,predictive,888,0.5135656130268199,0.04860662564694784,0.21242639738116254,0.8643666708182837,2.2031383514404297,0.6694114086062775
dim,16,predictive,999,0.48326149425287357,0.08422070776362156,0.14127434674257644,0.7039431555560588,3.000951051712036,0.7187795694663702
dim,32,predictive,20260814,0.5129549808429119,0.05184767363456477,0.13622436448457464,0.6202163621518461,2.1147146224975586,0.8773106838893682
dim,32,predictive,111,0.5226293103448276,0.061239674215969764,0.22644029108278352,0.7150556505395215,2.1362173557281494,0.9838703223388574
dim,32,predictive,222,0.5279254469987229,0.08235222040392387,0.27523091544697675,0.8351883513173837,2.967012882232666,0.7938735799417558
dim,32,predictive,333,0.48785520434227325,0.07506752137467754,0.19742909957763566,0.6509483928838767,2.311450958251953,0.19739498588523588
dim,32,predictive,444,0.50003591954023,0.07159995665178676,0.24865045155966103,0.787272400175626,2.5009307861328125,0.7870647013666472
dim,32,predictive,555,0.5068247126436781,-0.007841718022351785,0.17982659876929963,0.6911876266714976,2.190415143966675,0.8057309544145568
dim,32,predictive,666,0.4996008939974457,0.06158834214833053,0.10895435759170469,0.8030309320631902,2.529646873474121,0.8857921373943296
dim,32,predictive,777,0.4935584291187739,0.05732610017714135,0.03372853226190764,0.8798559766301702,2.9820075035095215,0.583694043962661
dim,32,predictive,888,0.5072078544061303,0.010264388680495729,0.14712188085695255,0.6684543781317975,2.2144110202789307,0.9743108639586923
dim,32,predictive,999,0.4924888250319285,0.08480278284662268,0.20594257032864194,0.6131070324618711,2.481466770172119,0.6692877401023025
dim,64,predictive,20260814,0.5146591634738187,0.06324489925732024,0.09760699584316013,0.5678305033143743,2.3420801162719727,0.9696996751668984
dim,64,predictive,111,0.5079940932311622,0.04004109126053379,0.10518036867652991,0.5912695267533977,2.5983996391296387,0.7601711659838388
dim,64,predictive,222,0.5244173052362707,-0.030533804840983336,0.04732102117483605,0.5806174838432904,2.5406546592712402,0.923255548963609
dim,64,predictive,333,0.510396711366539,0.01226883688933833,0.08019735589117827,0.5841186808928744,2.1259818077087402,0.6754404951239049
dim,64,predictive,444,0.5112108876117496,-0.030761277845609447,0.18226815555209497,0.5669033088387927,2.545659303665161,0.9514679439055632
dim,64,predictive,555,0.5304916985951469,0.09822066340713975,0.20145863425085453,0.5766457701941573,2.1281778812408447,0.8266903766890691
dim,64,predictive,666,0.5191451149425288,0.008102698637307504,0.08897482592340422,0.6628912112783081,2.439021587371826,0.45403079296111887
dim,64,predictive,777,0.516898148148148,0.02850458183047122,0.17490760174343922,0.5749020910311233,2.0719871520996094,0.9315104371098983
dim,64,predictive,888,0.5206657088122606,0.031719754998235095,0.07168771829573728,0.5929163348518186,2.5120439529418945,1.3104454307764941
dim,64,predictive,999,0.516890166028097,0.05708623873770968,0.13281108787540352,0.6380821542111865,2.0862224102020264,0.5507708561502694
dim,128,predictive,20260814,0.5196120689655173,-0.01778741565486297,0.07481195870128332,0.5582541066412033,2.7743353843688965,1.0363887340856675
dim,128,predictive,111,0.5055076628352491,-0.022631531207913724,0.043692424140127195,0.5830530991821314,2.9253504276275635,0.5155736394443328
dim,128,predictive,222,0.5222581417624521,-0.07690977832208157,-0.14770407797545126,0.5888376856118792,2.909433126449585,0.9447674317095499
dim,128,predictive,333,0.5057391443167305,-0.028991284903631342,-0.06338830781559168,0.5924495924495924,2.632495641708374,0.6511079812853495
dim,128,predictive,444,0.507132024265645,-0.008028103545156373,0.06175537318237534,0.5741547999612516,2.8317582607269287,0.7517138843395812
dim,128,predictive,555,0.5181353767560665,0.04708437406976684,0.0817925115109086,0.5770886093466738,3.022714376449585,0.7473226027229228
dim,128,predictive,666,0.5199952107279694,-0.0187869094110793,-0.0061945208681699615,0.5748328974135425,2.135822296142578,0.8476578340419575
dim,128,predictive,777,0.5203184865900383,0.008278741512813381,0.2041111994247775,0.5780849974398361,2.2435097694396973,1.0725545075025706
dim,128,predictive,888,0.5175167624521073,0.02725958689512009,0.19862621980626716,0.5810464842722908,2.2664763927459717,0.6618768289244233
dim,128,predictive,999,0.503500159642401,-0.002023037677416406,0.08708703105336757,0.5936950775660453,2.3092474937438965,0.2856853430308206
dim,4,contrastive,20260814,0.49513090676883775,0.04840750412539607,0.025672334900314286,0.7384066093743513,2.199669122695923,0.7863757635166201
dim,4,contrastive,111,0.5008181673052362,0.12168800459550932,0.21413533658649686,0.384245997149223,1.9797989130020142,0.7131195634823077
dim,4,contrastive,222,0.49761733716475093,0.0944794037611012,0.1709749096263814,0.38997522868490614,1.6903455257415771,0.7712029822425679
dim,4,contrastive,333,0.4915509259259259,0.11429526369360221,0.18314785426582525,0.6682870553838295,1.9786109924316406,0.8806721385320117
dim,4,contrastive,444,0.491095945083014,0.09452242052388304,0.17009223722228806,0.6278062729675633,2.2498183250427246,0.7863757635166201
dim,4,contrastive,555,0.49437260536398464,0.10621689336828433,0.17342893211306964,0.5325279196246938,2.02032732963562,0.9103582185863456
dim,4,contrastive,666,0.5032806513409962,0.1136517264832887,0.1885276992487792,0.7355319290803162,1.9247366189956665,0.8477254736066291
dim,4,contrastive,777,0.49909003831417625,0.09813562629206607,0.25601561685536656,0.4825286115608696,2.6229615211486816,0.9031242358730348
dim,4,contrastive,888,0.4954142720306513,0.12260814387128294,0.18142169573703182,0.38839761420406577,2.0137317180633545,0.7863757635166201
dim,4,contrastive,999,0.5145194763729246,0.05721687878278059,-0.013051121798901555,0.45198654876074235,1.7082477807998657,0.9419174976902115
dim,8,contrastive,20260814,0.5129270434227331,0.11127947661504545,0.15172217258572462,0.6086773828709312,2.014129638671875,0.832695423041387
dim,8,contrastive,111,0.50415469348659,0.0309048069042811,-0.3024750837359005,0.4641646254549481,2.220977544784546,0.37155103345192514
dim,8,contrastive,222,0.4971743295019157,0.10045148268944593,0.1432259213150937,0.6930722092012415,2.52675724029541,0.9459758757354906
dim,8,contrastive,333,0.49720625798212004,0.1357468756119028,0.2388021030205274,0.5657370818661142,2.486783504486084,0.7704425400348186
dim,8,contrastive,444,0.48928799489144315,0.12536390592995716,0.17476454478077352,0.5614571421023034,2.1236395835876465,0.5047450525033994
dim,8,contrastive,555,0.5050167624521074,0.1349044885854016,0.187507605825329,0.5509850025979058,2.126206398010254,0.6614507815325869
dim,8,contrastive,666,0.5118055555555555,0.09825705081459657,0.23523017045996641,0.8138830074313944,2.229397773742676,0.5805223932045933
dim,8,contrastive,777,0.5025981800766284,0.0707657727971659,0.09145441689937361,0.6738539964346416,2.277315139770508,0.8624247284346718
dim,8,contrastive,888,0.4986111111111111,0.09541503865247736,0.1495520533092909,0.47501418469160406,2.542245864868164,0.819986285522677
dim,8,contrastive,999,0.49721024904214556,0.10957930736958355,0.1447657932148816,0.5194327129811,2.5215559005737305,0.8670020642752538
dim,16,contrastive,20260814,0.46627953384418896,0.09141581884441308,0.23598520494949482,0.6610707901030483,3.2747702598571777,0.6874316759944867
dim,16,contrastive,111,0.5026979565772669,0.07548650345547925,0.2006776300870864,0.8584436971533745,2.866621732711792,0.6117511400053744
dim,16,contrastive,222,0.5148148148148148,0.07041024962399955,0.07901493940744386,0.7004595714273134,3.047050952911377,0.6537080359729923
dim,16,contrastive,333,0.5027538314176245,0.11783019133441763,0.2884368282756423,0.890258922516987,3.06068754196167,0.5657613901665943
dim,16,contrastive,444,0.5133660600255427,0.11387650319963549,0.16679560566543228,0.8741506483441968,2.5723538398742676,1.131692027526525
dim,16,contrastive,555,0.5332535121328225,0.11060389253689973,0.285785633771915,0.651059102672006,2.7163403034210205,0.8391497850970062
dim,16,contrastive,666,0.49580938697318,0.07359008672693024,0.05989080811687375,0.62128823419146,3.198969602584839,1.1883704980911716
dim,16,contrastive,777,0.5193765964240102,0.04907473240139015,0.1544058735996089,0.8855814339685307,3.2282907962799072,0.9993226902460275
dim,16,contrastive,888,0.49574952107279696,0.08643560246836379,-0.04432149599258173,0.718359331262557,2.759425640106201,0.5006029117451308
dim,16,contrastive,999,0.4996926883780332,0.08219095533772525,0.20746056089856102,0.7885002723712402,2.693606376647949,1.1628299800964719
dim,32,contrastive,20260814,0.502618135376756,0.05850726983315202,0.07101451653532331,0.8202286911964332,3.4275052547454834,0.9742201524578032
dim,32,contrastive,111,0.5130906768837804,0.05408166334368758,0.17642661643055602,0.7162835227351355,3.293020248413086,0.962859805451536
dim,32,contrastive,222,0.4795298531289911,0.04637611520544083,0.05019939832641218,0.8478507833346544,3.1699774265289307,0.6066145411320296
dim,32,contrastive,333,0.5016483077905491,0.08671605508847835,0.13511745349310644,0.8515004321455933,3.4109034538269043,0.3629714797881926
dim,32,contrastive,444,0.4999401340996168,0.09371108916466941,0.25023413100612535,0.7641617319036674,2.9953725337982178,0.7676747733262735
dim,32,contrastive,555,0.5055116538952745,0.0629741604917986,0.23964042866724455,0.6765462571914185,3.377906322479248,0.8623942440247416
dim,32,contrastive,666,0.499161877394636,0.05498621795636904,0.21026273751192293,0.8247677925097281,3.636479139328003,0.4322900372045405
dim,32,contrastive,777,0.49608876117496803,0.09151492159084662,0.17527222167408973,0.7926518894260829,3.5656352043151855,0.698892718903714
dim,32,contrastive,888,0.4891283524904214,0.05483062935502492,0.19199181454499836,0.8703726768242896,3.142345428466797,0.447207547369723
dim,32,contrastive,999,0.5162316411238825,0.044103362929179823,0.13715698143473543,0.8828967216063991,3.161241054534912,1.2934206692904158
dim,64,contrastive,20260814,0.5121727330779055,0.06977012340993793,0.13991876745438836,0.8670513831804154,3.72253680229187,1.306463036417999
dim,64,contrastive,111,0.4900941890166028,0.033146415246388394,0.16504692615067373,0.8540429830752411,3.930338144302368,0.5361725204258649
dim,64,contrastive,222,0.5178679757343551,0.017331712155388312,0.13006639759344107,0.8846127233224008,3.7650325298309326,0.38097895816421484
dim,64,contrastive,333,0.5046894955300127,0.06906944538356885,0.05243665215528581,0.8207998530579177,3.899789571762085,0.5898375313942616
dim,64,contrastive,444,0.5132543103448276,0.06282506183067016,0.16811301763022135,0.6991587314167961,3.820321559906006,0.5791834980606382
dim,64,contrastive,555,0.532088122605364,0.06929839020029438,0.17169131348473532,0.8251275993211477,3.8782665729522705,0.9217401767572717
dim,64,contrastive,666,0.5071878991060026,0.025176298196597835,0.20807467753817965,0.7921297921297921,3.8072853088378906,0.6840852554301532
dim,64,contrastive,777,0.5061462324393358,0.07102672719278202,0.22621228992721198,0.7382279640344156,3.806504964828491,0.817476465113979
dim,64,contrastive,888,0.49378192848020436,0.047836855781191456,0.16125606752996746,0.8985206404561245,3.7305033206939697,0.46146811566313106
dim,64,contrastive,999,0.4964359833971903,0.0887842535020601,0.1299578832818964,0.8129671355477807,3.740239381790161,0.01971206862350501
dim,128,contrastive,20260814,0.5141722541507024,0.050193603360099925,-0.05366777448072124,0.6655029558255365,5.3433942794799805,0.3167862156581613
dim,128,contrastive,111,0.5230124521072796,0.04556330849415491,0.039148967399276424,0.797256410159636,5.033206462860107,1.115427331038663
dim,128,contrastive,222,0.5139647190293742,-0.0032726204724147223,0.029402956595480423,0.9104219426800072,5.019715309143066,0.3315120220613716
dim,128,contrastive,333,0.5149185823754788,0.033370849640121714,0.03748970418576392,0.8045494174526433,5.199192523956299,0.9153637415099438
dim,128,contrastive,444,0.49513489782886333,0.012566161882000104,0.03736841438086813,0.8497051722858174,4.774702548980713,0.21742914967752633
dim,128,contrastive,555,0.5086725734355044,0.0015835273314324105,-0.10295406225026005,0.8333478010897366,5.335482597351074,0.20444876884853289
dim,128,contrastive,666,0.499624840357599,0.02593964304775498,-0.05668586277551135,0.8454252325220067,5.0209760665893555,0.39075821684646056
dim,128,contrastive,777,0.5001516602809706,0.0027741315242398867,-0.1315557019893141,0.8981331561976723,4.984923839569092,0.2735158543017817
dim,128,contrastive,888,0.4764846743295019,-0.04823828578704803,0.03285929776996921,0.7843209778693648,5.371028900146484,-0.2050615243733913
dim,128,contrastive,999,0.5123323754789272,0.058224526251305475,0.10281732312433345,0.8223636288152418,5.057339191436768,1.3054101604468664
