objective,dim,algo,seed,val_sharpe,test_sharpe,test_turnover
predictive,4,BC,20260814,0.017697686359456222,0.5581671210113021,0.022553074810148878
predictive,4,BC,111,0.011290160784822307,0.59883981710971,0.040518142086736375
predictive,4,BC,222,1.3886142601910965,-0.17140742129462286,0.018886622295492508
predictive,4,A2C,20260814,0.3978632892200745,0.7646816479283495,0.020085351376513957
predictive,4,A2C,111,0.6320741549413745,0.6258913194414233,0.07138311814925684
predictive,4,A2C,222,1.4390516475104485,0.5621588208337963,0.017286801171391756
predictive,4,IQL,20260814,-0.05319903477420279,0.6443859774955017,0.04766698923073153
predictive,4,IQL,111,-0.016452003504437856,0.6410484634709183,0.030483018924292195
predictive,4,IQL,222,0.20079618594685766,0.8050121985027224,0.029215463024879162
predictive,4,CQL,20260814,0.6746855898457623,0.5597168586612167,0.03702017423576347
predictive,4,CQL,111,0.5829713557829074,-0.1113163195457055,0.024454952943699426
predictive,4,CQL,222,0.8089095561584655,0.6777343389950401,0.024578375971658312
predictive,8,BC,20260814,0.15444094735197272,0.6509476442951041,0.054390905567894304
predictive,8,BC,111,0.4082033795372831,0.7102302415587872,0.024446090633010224
predictive,8,BC,222,0.19061993066337038,0.5704374193649326,0.028996476694705214
predictive,8,A2C,20260814,0.7891500993836457,0.8933668560831973,0.10969785531433716
predictive,8,A2C,111,0.6016666320131946,0.7319201375517597,0.1366275389408878
predictive,8,A2C,222,0.5886067788991569,0.8441841531959905,0.08683166663088275
predictive,8,IQL,20260814,0.8653529069916586,0.5844530388508425,0.021138399796136447
predictive,8,IQL,111,0.3967872493829372,0.751644511482739,0.01756241967002699
predictive,8,IQL,222,0.41830529673046885,0.5557365663116226,0.016810300178126205
predictive,8,CQL,20260814,0.32858971401817494,0.681564724016035,0.037312278892168434
predictive,8,CQL,111,0.9228793589174745,1.0183270532863122,0.02966879429365161
predictive,8,CQL,222,1.445744475506415,0.7727141722990014,0.015345555279213954
predictive,16,BC,20260814,1.0533317515065892,0.6171199284070567,0.018287039625073845
predictive,16,BC,111,0.8653091274735308,0.5780216762596079,0.013002651439984306
predictive,16,BC,222,0.2265727670121909,0.6437119082686399,0.02633239104081205
predictive,16,A2C,20260814,0.9428794670916998,0.9472342677822148,0.1111172357935514
predictive,16,A2C,111,1.4592168461699357,0.9493225261711058,0.024270903616298026
predictive,16,A2C,222,0.9236843665399681,0.9504995986393197,0.022285819476220145
predictive,16,IQL,20260814,0.8781991199797287,0.8049710628294767,0.015034600220324091
predictive,16,IQL,111,0.2964593213526833,0.7330485820632835,0.016288265356312122
predictive,16,IQL,222,0.41820107465417744,0.7369384535609336,0.013621072162786008
predictive,16,CQL,20260814,1.149600157452039,0.8653552890494801,0.015063782463044817
predictive,16,CQL,111,0.3380398820899119,0.6048233198785392,0.01655594501395325
predictive,16,CQL,222,1.0710295962453467,0.3948109706813087,0.02317644629056394
predictive,32,BC,20260814,-0.1372054822659087,0.5600798108991785,0.0663112186001433
predictive,32,BC,111,-0.050323304776588994,0.6182744611212864,0.05400289533195313
predictive,32,BC,222,-0.12994775411448276,0.4195409016783207,0.03625892199302528
predictive,32,A2C,20260814,0.1729555489632462,0.6133232701094162,0.0742951507199398
predictive,32,A2C,111,0.4583561223531648,0.7106330601412425,0.02032618364863635
predictive,32,A2C,222,0.19605318528315788,0.6018156283191327,0.055390945731706234
predictive,32,IQL,20260814,-0.09019618151304427,0.5521901645388919,0.06620970564472735
predictive,32,IQL,111,-0.010619637601862115,0.6260360724472355,0.05107152350339575
predictive,32,IQL,222,-0.09260352462852171,0.609308849405835,0.06312351701230932
predictive,32,CQL,20260814,0.0613737173079756,0.5215827810922989,0.08631741660797682
predictive,32,CQL,111,0.09445030040461232,0.5183810440710603,0.08837700007965242
predictive,32,CQL,222,-0.05549970687180643,0.5502479092273982,0.07743266542819768
predictive,64,BC,20260814,-0.024058805157698118,0.6115080225335834,0.057874664231736345
predictive,64,BC,111,0.21431133218281184,0.5628697224078494,0.019569506433176165
predictive,64,BC,222,0.0028517689308798916,0.6061017205774818,0.028495470756393814
predictive,64,A2C,20260814,0.433050805453382,0.5788285836551639,0.10142049570174062
predictive,64,A2C,111,1.29703993329643,0.7731883040009251,0.014870690501095792
predictive,64,A2C,222,0.383335775306916,0.8539475348667473,0.02948065298037205
predictive,64,IQL,20260814,0.10657217330155941,0.544547740498307,0.018563785407789496
predictive,64,IQL,111,0.01614092456576082,0.5781254252048432,0.03822004473131076
predictive,64,IQL,222,0.059043485656708056,0.4990986328707358,0.024324364891734476
predictive,64,CQL,20260814,0.3248370454582243,0.6513546098713711,0.08000386624193903
predictive,64,CQL,111,0.2538085378727473,0.6581074060614054,0.08217098040144835
predictive,64,CQL,222,0.8238854816700556,0.8252297761218427,0.009915052243133089
predictive,128,BC,20260814,0.054215941117021875,0.6399445352763349,0.054542192038199606
predictive,128,BC,111,0.057174815425049416,0.635548885623731,0.06462216282458003
predictive,128,BC,222,-0.01085307787203504,0.6096285713453664,0.06529200239134814
predictive,128,A2C,20260814,-0.06625396896886646,0.5635698057724776,0.059047891003825695
predictive,128,A2C,111,1.187738688511694,0.6344231961213804,0.022626389039967637
predictive,128,A2C,222,1.2073789681580847,0.7445339222925645,0.024528059833601987
predictive,128,IQL,20260814,0.07396328294035241,0.6430685440234303,0.0529059189577953
predictive,128,IQL,111,0.0006730762604322489,0.6249365027343784,0.06090391666920327
predictive,128,IQL,222,-0.035226219559791494,0.6093260208198397,0.06598853723885056
predictive,128,CQL,20260814,0.3531212116917342,0.6580204392402828,0.048420130945186116
predictive,128,CQL,111,0.210250315775436,0.5497662111253901,0.09433390115994719
predictive,128,CQL,222,0.7740702490924385,0.7937643813698395,0.012415045054990853
contrastive,4,BC,20260814,-0.3096538482538067,0.457601463390694,0.02183501774454443
contrastive,4,BC,111,-0.41342132350542793,0.5544705692452148,0.03340216515376117
contrastive,4,BC,222,0.28862434019668554,0.21414333592345128,0.012628920590945182
contrastive,4,A2C,20260814,0.15679984626989496,-0.6163680969161272,0.06428446911138701
contrastive,4,A2C,111,0.85651829961443,0.7783547626699475,0.018441065804875312
contrastive,4,A2C,222,0.765807322653307,0.78995108857107,0.025146236437470167
contrastive,4,IQL,20260814,-0.4699898308125635,0.4831036253596951,0.029090946421272756
contrastive,4,IQL,111,0.3317886511146695,1.0178966042376336,0.013246233690418859
contrastive,4,IQL,222,0.15801763150497897,0.7884295381986999,0.022053495060133547
contrastive,4,CQL,20260814,1.4801817305934672,0.4099053600750111,0.026896782553713045
contrastive,4,CQL,111,1.2906959771813395,0.34772218160971236,0.01770913411471622
contrastive,4,CQL,222,0.4296518264771199,0.6899275517968141,0.019252060029356838
contrastive,8,BC,20260814,-0.2698630238164005,0.4149523098674795,0.030213809080783333
contrastive,8,BC,111,-0.37242110327101624,0.36625938801600455,0.03731034605367693
contrastive,8,BC,222,-0.23567099278838438,0.41561934787792615,0.025869108368156115
contrastive,8,A2C,20260814,0.2665936631256663,0.6056377086821995,0.06556994782492
contrastive,8,A2C,111,1.3408900286108674,0.7151225828494443,0.041214107324494355
contrastive,8,A2C,222,0.7398857402938198,0.6607167418317482,0.034204585501803685
contrastive,8,IQL,20260814,-0.12094275410108672,0.37609678672023444,0.03867592014411733
contrastive,8,IQL,111,-0.1633170644111184,0.4925105457365635,0.02274739342632782
contrastive,8,IQL,222,0.9348182584119554,0.41424074003580313,0.014066317661744149
contrastive,8,CQL,20260814,0.0140861913307785,0.46906034393734286,0.05388566133246493
contrastive,8,CQL,111,-0.19343724720143995,0.4175917694030327,0.08012591585174055
contrastive,8,CQL,222,0.9382944481753733,0.7823600505615657,0.0022662270128430417
contrastive,16,BC,20260814,0.6735450140225093,0.5023298504509796,0.019325254329385245
contrastive,16,BC,111,0.5054623984235747,0.412223997074084,0.019935406300364368
contrastive,16,BC,222,-0.1888000385233215,0.5491668558588353,0.060047812725530836
contrastive,16,A2C,20260814,1.209960266088086,0.5522168470517238,0.04711085013322421
contrastive,16,A2C,111,1.3221400366328544,0.6704826370640002,0.020141681383794813
contrastive,16,A2C,222,0.76809417258268,0.90814084532836,0.018514381845792134
contrastive,16,IQL,20260814,0.5639841170068408,0.8030031384918678,0.023277513184051832
contrastive,16,IQL,111,-0.001829856206406254,0.5394657951233208,0.017066751659409934
contrastive,16,IQL,222,0.027948707297418506,0.44388132908100847,0.02430957767548299
contrastive,16,CQL,20260814,0.346407639603053,0.18184703403310792,0.027487922458914085
contrastive,16,CQL,111,0.11174257028520956,0.523655411687814,0.0746323475745085
contrastive,16,CQL,222,0.2784785920862496,0.5517690407290247,0.07610447942117109
contrastive,32,BC,20260814,0.07653816246019535,0.6308691501994353,0.05275641843926773
contrastive,32,BC,111,-0.09795603295737178,0.5251468599619088,0.048321768017578405
contrastive,32,BC,222,-0.052462866535316864,0.501958290562935,0.03251035212242596
contrastive,32,A2C,20260814,0.7887794635061419,0.9369706598140451,0.10750816184564016
contrastive,32,A2C,111,0.9279150461304321,1.1078293061439801,0.12741317294945764
contrastive,32,A2C,222,0.5626334807016286,0.7480915500459998,0.06958238644275203
contrastive,32,IQL,20260814,-0.08112093731853512,0.6823874609302814,0.0489294051830958
contrastive,32,IQL,111,-0.032564424372999994,0.36628152494807864,0.02687489037478426
contrastive,32,IQL,222,-0.08105740845039452,0.5055534542186246,0.03535036432344828
contrastive,32,CQL,20260814,0.27468913771417136,0.58744942574321,0.08596215446790059
contrastive,32,CQL,111,0.2723846639911893,0.6033193520278187,0.09052648817082469
contrastive,32,CQL,222,0.13298668964681662,0.48635336312434135,0.09177769964018753
contrastive,64,BC,20260814,0.1325322960330081,0.6550077875968782,0.05938012573001582
contrastive,64,BC,111,0.004817691181622482,0.49074458024515166,0.05487670789893244
contrastive,64,BC,222,0.04440882387717703,0.5280752910891047,0.05748788355525342
contrastive,64,A2C,20260814,1.030279146162065,0.341863241765715,0.13711954779292815
contrastive,64,A2C,111,0.9045822782325333,0.18643500658636952,0.02264166086522946
contrastive,64,A2C,222,1.2877047502854229,0.48931855723123174,0.04608598662527574
contrastive,64,IQL,20260814,0.005280841437502091,0.6641677651326519,0.047658576778673675
contrastive,64,IQL,111,0.06628892450812039,0.5748276647789423,0.05694332508861426
contrastive,64,IQL,222,-0.008570679846563154,0.5135957537308828,0.036510057136444236
contrastive,64,CQL,20260814,0.5103727051419048,0.6543080226407807,0.04412263871462487
contrastive,64,CQL,111,0.6844526505336905,0.7318598513004252,0.03347644774030097
contrastive,64,CQL,222,0.9040377436171448,0.7844350378432448,0.011135972139254139
contrastive,128,BC,20260814,0.18238821330329752,0.6036568627300597,0.05610512597793343
contrastive,128,BC,111,0.08311612225607891,0.7236840446292794,0.05297872317510087
contrastive,128,BC,222,0.25785829169254465,0.47406738263670284,0.05266072479197153
contrastive,128,A2C,20260814,1.2192962577742146,0.6481126996191154,0.20767370912348343
contrastive,128,A2C,111,1.084794570079096,0.7049984673733752,0.15941573508936374
contrastive,128,A2C,222,0.8946922816700021,1.26496819215275,0.25779977592811065
contrastive,128,IQL,20260814,0.1286188449936574,0.6076620705654576,0.055297059093634436
contrastive,128,IQL,111,0.13213454257717303,0.6725699236571909,0.05176181394029965
contrastive,128,IQL,222,0.02461509005453584,0.57002061542369,0.05215528538735555
contrastive,128,CQL,20260814,0.9976693261221314,0.801706623185381,0.009939878615573864
contrastive,128,CQL,111,0.7051755547429299,0.6365704914029018,0.04627870581325941
contrastive,128,CQL,222,1.0174783669206036,0.7864634163553438,0.022553773572788902
