algo,rep,seed,val_sharpe,test_sharpe,test_return,test_maxdd,test_turnover
A2C,raw,20260814,1.1145859918470702,0.4731420418516694,0.28458118438720703,-0.22686888533703553,0.11009008450368743
A2C,raw,111,0.9386625693243694,0.24231156221478847,0.10816395282745361,-0.2935931584300695,0.1027147263881579
A2C,raw,222,1.136716187774528,0.22259562975271333,0.09100282192230225,-0.19070627370018722,0.12769708558175694
A2C,raw,333,0.8443996623738954,0.04092082777753014,-0.021498680114746094,-0.33409601146874457,0.1068345775355154
A2C,raw,444,0.8681174364184022,0.5615147987972879,0.31213128566741943,-0.14848815801179016,0.1119230418980344
A2C,raw,555,0.8947084151517027,0.6953403053171504,0.47169363498687744,-0.2342586835699424,0.12039989116624814
A2C,raw,666,1.118142313597416,0.45750885659224094,0.2592349052429199,-0.2237532659348357,0.11607338405070614
A2C,raw,777,1.0525539672478548,0.1340566714195819,0.03554534912109375,-0.3065497843929421,0.1131240874862493
A2C,raw,888,0.7131042822263322,0.2713139052554427,0.12099981307983398,-0.1842411956718064,0.08906329568494019
A2C,raw,999,1.8020694315577483,0.5232751776933289,0.31629860401153564,-0.20544120014166356,0.0889380131509915
IQL,raw,20260814,0.1251916320440751,0.2901503133373625,0.04202103614807129,-0.0599284780949364,0.1002539448267479
IQL,raw,111,0.3152879723254253,0.4024150189495156,0.056607723236083984,-0.06863488649772287,0.09628091253900892
IQL,raw,222,0.13895864350747386,0.49604464906683426,0.07829523086547852,-0.05999704253131921,0.08966472590022456
IQL,raw,333,-0.018093769066100072,0.6767673720609394,0.12057435512542725,-0.04657232462689176,0.1115648462112752
IQL,raw,444,0.049576508220424184,0.7338859165678377,0.10432446002960205,-0.05023527604759648,0.08190086043308911
IQL,raw,555,0.38920721123522317,0.7475611452345917,0.13979315757751465,-0.05824243001924145,0.08747391690006619
IQL,raw,666,0.19602633465700944,0.5038910018177578,0.07826113700866699,-0.06662708799886108,0.08098309925555794
IQL,raw,777,0.18752038279223598,0.5211076339379123,0.09357428550720215,-0.06277321616558951,0.10129561450828183
IQL,raw,888,0.2803730222763973,0.4536830086418562,0.0735480785369873,-0.05949031368431923,0.10164832275972438
IQL,raw,999,0.6369618259813612,0.7642098224292042,0.13520610332489014,-0.06032902445494148,0.0955713983315891
A2C,auto,20260814,0.7587583849185526,0.5622569294156201,0.3443254232406616,-0.19527945844002537,0.1199058323505506
A2C,auto,111,0.4529677562301757,0.3062502551273123,0.029680967330932617,-0.03148782893946733,0.02777872880392555
A2C,auto,222,0.8203322760775865,0.8884143010654929,0.48301243782043457,-0.14095052900798932,0.07644374941971468
A2C,auto,333,1.016208102110918,0.4340102071425858,0.041615962982177734,-0.048319069961550776,0.038932416878816725
A2C,auto,444,0.7018621243824638,0.2636746029969991,0.11874508857727051,-0.21134963049179045,0.1322558429842787
A2C,auto,555,1.5618346725915737,0.39079134030715523,0.17796587944030762,-0.21422010208691222,0.09003625946554972
A2C,auto,666,0.5783847157068887,-0.3866186925556494,-0.22449272871017456,-0.24372744311739436,0.1279564029773447
A2C,auto,777,0.6022537318147881,0.7111634330945625,0.3320610523223877,-0.2007880098094652,0.13274854909054082
A2C,auto,888,1.2999411235965177,0.8041504999837062,0.455704927444458,-0.16692477451157695,0.10986419649081147
A2C,auto,999,0.7331703138631699,0.6644635366376098,0.3625229597091675,-0.18664599254291192,0.08464844376404784
IQL,auto,20260814,-0.055914702524130735,0.5561895731774952,0.07396316528320312,-0.03910336445031248,0.05072367217094031
IQL,auto,111,-0.06152695760308834,0.6863165496970671,0.09905314445495605,-0.04935607128129882,0.05597893569389108
IQL,auto,222,-0.1608583851299216,0.8025910686556637,0.0927588939666748,-0.028095532367267362,0.04745139166514681
IQL,auto,333,0.023980428812100392,0.6889909311393222,0.09654176235198975,-0.045445983203757034,0.04890096232790815
IQL,auto,444,-0.02284043981970977,0.5168891698168031,0.07203376293182373,-0.05439261044273935,0.06570954238138722
IQL,auto,555,-0.02011732148556986,0.5096810837703356,0.06568074226379395,-0.04784482889432373,0.057434046024975566
IQL,auto,666,0.0333605666246227,0.5710557141439279,0.08118462562561035,-0.05578886840326658,0.06237514982983442
IQL,auto,777,0.0004002222700210405,0.6278147554692622,0.08534514904022217,-0.047001924562174446,0.05988139892228652
IQL,auto,888,0.12947809716109251,0.6415340286177537,0.08281517028808594,-0.03904276883066571,0.06372150375938683
IQL,auto,999,0.025882231167094042,0.6370056084599458,0.0882192850112915,-0.04455167765619761,0.05945866900503135
A2C,predictive,20260814,-0.06625396896886646,0.5635698057724776,0.22536873817443848,-0.14401604529186462,0.059047891003825695
A2C,predictive,111,1.187738688511694,0.6344231961213804,0.0285414457321167,-0.018219182647641885,0.022626389039967637
A2C,predictive,222,1.2073789681580847,0.7445339222925645,0.07109129428863525,-0.0320205259630727,0.024528059833601987
A2C,predictive,333,0.5605359214712953,0.5992489498396325,0.27720510959625244,-0.1927383829030458,0.0616998395652033
A2C,predictive,444,0.5915305116510616,0.4890783159634723,0.23947513103485107,-0.23037919361947345,0.12420438260155085
A2C,predictive,555,-0.02705624459455108,0.7329470691794044,0.15674173831939697,-0.053492139513979575,0.06926289178102059
A2C,predictive,666,0.6664349907202499,0.5431403819505851,0.039411067962646484,-0.020614401323123532,0.014620278961666911
A2C,predictive,777,0.6914199855324423,0.6101690459799972,0.25452911853790283,-0.16517719614600668,0.09363582558473525
A2C,predictive,888,0.5299340062157089,0.7192944592479922,0.049304842948913574,-0.017794196360233494,0.021053060011379885
A2C,predictive,999,0.147085728083326,0.5363136877505129,0.19330108165740967,-0.12960007412939334,0.07176806252520411
IQL,predictive,20260814,0.07396328294035241,0.6430685440234303,0.08897972106933594,-0.04129447338341086,0.0529059189577953
IQL,predictive,111,0.0006730762604322489,0.6249365027343784,0.11163687705993652,-0.055009977696492185,0.06090391666920327
IQL,predictive,222,-0.035226219559791494,0.6093260208198397,0.09061729907989502,-0.047965311094997354,0.06598853723885056
IQL,predictive,333,0.006449892400983877,0.6652190737325153,0.10443150997161865,-0.04813238836852052,0.07038565523961827
IQL,predictive,444,0.041216729146307446,0.5818306387134867,0.08385336399078369,-0.04624146496613113,0.062303127546850315
IQL,predictive,555,0.1198246558285212,0.5824108996716275,0.07974493503570557,-0.04405448807614909,0.06338269995016958
IQL,predictive,666,0.07688549835010718,0.6381468852159903,0.10136854648590088,-0.04867367756763563,0.06634341078527754
IQL,predictive,777,0.03599097264950545,0.6083832808461677,0.092903733253479,-0.050700923797470376,0.06186392574295383
IQL,predictive,888,0.13804276657909126,0.7065211098821575,0.10294640064239502,-0.044315367508930836,0.07127787046683536
IQL,predictive,999,0.18605515323620403,0.6167792956026783,0.08700501918792725,-0.04458424003498085,0.06383469037176458
A2C,contrastive,20260814,1.2192962577742146,0.6481126996191154,0.4080127477645874,-0.1562344748821437,0.20767370912348343
A2C,contrastive,111,1.084794570079096,0.7049984673733752,0.4883977174758911,-0.1310300282966147,0.15941573508936374
A2C,contrastive,222,0.8946922816700021,1.26496819215275,0.8852708339691162,-0.20627122092049976,0.25779977592811065
A2C,contrastive,333,0.5861000546669041,-0.20755837454101808,-0.1642460823059082,-0.2645231129528649,0.1420397175216482
A2C,contrastive,444,0.9427666648156835,0.4030510246450352,0.2269676923751831,-0.19103948216412492,0.17063122390959393
A2C,contrastive,555,0.5169265100092237,0.6709421736623487,0.3916221857070923,-0.20219967947833473,0.07503750672128366
A2C,contrastive,666,0.9694388044200817,0.4206894769981186,0.23722970485687256,-0.14085420643643953,0.18469770884335932
A2C,contrastive,777,0.842652812260372,0.5970018698333152,0.3539465665817261,-0.13941013266958202,0.15629843217297573
A2C,contrastive,888,1.3878720855428737,0.6423702215899122,0.38255929946899414,-0.14520225533455944,0.11849242073312327
A2C,contrastive,999,0.9061795403988488,0.12050898255609285,0.026802539825439453,-0.1728583367920321,0.16044628820312556
IQL,contrastive,20260814,0.1286188449936574,0.6076620705654576,0.07700073719024658,-0.0441584438660958,0.055297059093634436
IQL,contrastive,111,0.13213454257717303,0.6725699236571909,0.09294533729553223,-0.04848613293272819,0.05176181394029965
IQL,contrastive,222,0.02461509005453584,0.57002061542369,0.08368539810180664,-0.05126748453817365,0.05215528538735555
IQL,contrastive,333,0.2086363777039791,0.794423494441444,0.11172127723693848,-0.045046960324744534,0.05545959724872072
IQL,contrastive,444,0.15647212843097366,0.5962577060813397,0.07651710510253906,-0.04724646683227984,0.054486080164214905
IQL,contrastive,555,0.20946847980271127,0.6571630153409214,0.07329738140106201,-0.036527611335906984,0.053865772465172115
IQL,contrastive,666,0.04147556503637639,0.5786906314189422,0.07470452785491943,-0.04959185442768943,0.059711192308725854
IQL,contrastive,777,0.11982446519702271,0.4109667853711597,0.04926156997680664,-0.04482328759001786,0.054415850635601754
IQL,contrastive,888,0.282941142718025,0.7091592502905425,0.09838855266571045,-0.04443449435955171,0.062059260646068946
IQL,contrastive,999,0.18348926961695208,0.6113103318281032,0.08053648471832275,-0.044106107215792556,0.05688525552303062
