representation,dim,axis,metric,value,split
raw window (160d),160,information,direction_1.accuracy,0.5445544554455446,val
raw window (160d),160,information,direction_1.balanced_accuracy,0.5262317591084714,val
raw window (160d),160,information,direction_1.auc,0.5368010984449341,val
raw window (160d),160,information,direction_1.log_loss,0.6995336863890406,val
raw window (160d),160,information,direction_1.accuracy,0.5298804780876494,test
raw window (160d),160,information,direction_1.balanced_accuracy,0.5168582375478927,test
raw window (160d),160,information,direction_1.auc,0.5207335568326947,test
raw window (160d),160,information,direction_1.log_loss,0.7057064858051616,test
raw window (160d),160,information,direction_5.accuracy,0.5762376237623762,val
raw window (160d),160,information,direction_5.balanced_accuracy,0.4963872832369942,val
raw window (160d),160,information,direction_5.auc,0.5150080089142698,val
raw window (160d),160,information,direction_5.log_loss,0.7263556588933042,val
raw window (160d),160,information,direction_5.accuracy,0.556,test
raw window (160d),160,information,direction_5.balanced_accuracy,0.5038251636411601,test
raw window (160d),160,information,direction_5.auc,0.5264216583403407,test
raw window (160d),160,information,direction_5.log_loss,0.6917671764332322,test
raw window (160d),160,information,direction_20.accuracy,0.697029702970297,val
raw window (160d),160,information,direction_20.balanced_accuracy,0.49025168000684843,val
raw window (160d),160,information,direction_20.auc,0.5658947909087018,val
raw window (160d),160,information,direction_20.log_loss,0.6275884149043363,val
raw window (160d),160,information,direction_20.accuracy,0.6558375634517767,test
raw window (160d),160,information,direction_20.balanced_accuracy,0.5019914088872945,test
raw window (160d),160,information,direction_20.auc,0.5043645428037933,test
raw window (160d),160,information,direction_20.log_loss,0.6528381708071018,test
raw window (160d),160,information,magnitude_1.r2,0.3062078448707015,val
raw window (160d),160,information,magnitude_1.mae,0.006185802482750183,val
raw window (160d),160,information,magnitude_1.spearman,0.3873282604812096,val
raw window (160d),160,information,magnitude_1.r2,0.010475413367363129,test
raw window (160d),160,information,magnitude_1.mae,0.005025848189903389,test
raw window (160d),160,information,magnitude_1.spearman,0.32492070771369275,test
raw window (160d),160,information,vol_5.r2,0.5371264318058265,val
raw window (160d),160,information,vol_5.mae,0.06803333743998073,val
raw window (160d),160,information,vol_5.spearman,0.6058673569220278,val
raw window (160d),160,information,vol_5.r2,0.213355870177806,test
raw window (160d),160,information,vol_5.mae,0.0542467889586765,test
raw window (160d),160,information,vol_5.spearman,0.5158028518028518,test
raw window (160d),160,information,vol_20.r2,0.33936049985251726,val
raw window (160d),160,information,vol_20.mae,0.0708169585924108,val
raw window (160d),160,information,vol_20.spearman,0.46993922994783954,val
raw window (160d),160,information,vol_20.r2,0.3796487928587662,test
raw window (160d),160,information,vol_20.mae,0.037970634749763914,test
raw window (160d),160,information,vol_20.spearman,0.5688277961537042,test
raw window (160d),160,information,regime.accuracy,0.805940594059406,val
raw window (160d),160,information,regime.balanced_accuracy,0.7187591221505718,val
raw window (160d),160,information,regime.auc,0.888565575267266,val
raw window (160d),160,information,regime.log_loss,0.5929184860158527,val
raw window (160d),160,information,regime.accuracy,0.8835820895522388,test
raw window (160d),160,information,regime.balanced_accuracy,0.5669448250093412,test
raw window (160d),160,information,regime.auc,0.9214273634463471,test
raw window (160d),160,information,regime.log_loss,0.33909130007753024,test
raw window (160d),160,information,drawdown_20.r2,-0.16333156480729838,val
raw window (160d),160,information,drawdown_20.mae,0.03631008685805639,val
raw window (160d),160,information,drawdown_20.spearman,0.04867386487196569,val
raw window (160d),160,information,drawdown_20.r2,-0.032466918154806734,test
raw window (160d),160,information,drawdown_20.mae,0.023070275399855896,test
raw window (160d),160,information,drawdown_20.spearman,0.08830654697618383,test
raw window (160d),160,information,direction_1.baseline_acc,0.5378486055776892,test
raw window (160d),160,information,direction_5.baseline_acc,0.586,test
raw window (160d),160,information,direction_20.baseline_acc,0.6609137055837564,test
raw window (160d),160,information,regime.baseline_acc,0.7731343283582089,test
raw window (160d),160,preservation,reconstruction_r2_mean,0.9999999999868253,test
raw window (160d),160,preservation,reconstruction_r2.z_ret_1d,0.9999999999876715,test
raw window (160d),160,preservation,reconstruction_r2.z_ret_5d,0.9999999999972923,test
raw window (160d),160,preservation,reconstruction_r2.z_ret_20d,0.9999999999410046,test
raw window (160d),160,preservation,reconstruction_r2.z_realized_vol_20d,0.9999999999939387,test
raw window (160d),160,preservation,reconstruction_r2.z_rsi_14,0.9999999999993237,test
raw window (160d),160,preservation,reconstruction_r2.z_macd_hist,0.9999999999977772,test
raw window (160d),160,preservation,reconstruction_r2.z_volume_zscore_20d,0.9999999999786385,test
raw window (160d),160,preservation,reconstruction_r2.z_bollinger_pos,0.9999999999989558,test
raw window (160d),160,efficiency,effective_rank,6.263236045837402,test
raw window (160d),160,efficiency,spectral_rank,13.700166702270508,test
raw window (160d),160,efficiency,rank_share,0.039145223796367645,test
raw window (160d),160,efficiency,top1,0.3106345236301422,test
raw window (160d),160,efficiency,top5,0.7210473418235779,test
raw window (160d),160,efficiency,k95,35.0,test
raw window (160d),160,efficiency,scale,172.1455535888672,test
raw window (160d),160,efficiency,n,1005.0,test
raw window (160d),160,efficiency,d,160.0,test
raw window (160d),160,redundancy,direction_1.full_metric,0.5168702107279693,test
raw window (160d),160,redundancy,direction_1.k_to_95,1.0,test
raw window (160d),160,redundancy,magnitude_1.full_metric,0.010474035726969033,test
raw window (160d),160,redundancy,magnitude_1.k_to_95,1.0,test
raw window (160d),160,trading,Supervised.sharpe,0.3937015685556217,test
raw window (160d),160,trading,Supervised.total_return,0.2272190862032657,test
raw window (160d),160,trading,Supervised.max_drawdown,-0.24440355540685932,test
raw window (160d),160,trading,Supervised.turnover,0.7201195219123506,test
raw window (160d),160,trading,Supervised.exposure,1.0,test
raw window (160d),160,trading,Supervised.sharpe_cost0,0.3937015685556217,test
raw window (160d),160,trading,Supervised.sharpe_cost1,0.2836331207207855,test
raw window (160d),160,trading,Supervised.sharpe_cost5,-0.15531316349651372,test
raw window (160d),160,trading,RL-A2C.sharpe,-0.22099896660901813,test
raw window (160d),160,trading,RL-A2C.total_return,-0.16911928730335168,test
raw window (160d),160,trading,RL-A2C.max_drawdown,-0.34455669640136466,test
raw window (160d),160,trading,RL-A2C.turnover,0.12741767168045043,test
raw window (160d),160,trading,RL-A2C.exposure,0.8932871528507317,test
raw window (160d),160,trading,RL-A2C.sharpe_cost0,-0.22099896660901813,test
raw window (160d),160,trading,RL-A2C.sharpe_cost1,-0.24163689412552888,test
raw window (160d),160,trading,RL-A2C.sharpe_cost5,-0.32414300879139013,test
raw window (160d),160,temporal,mask_lag:lag1.dh,2.69608736038208,test
raw window (160d),160,temporal,mask_lag:lag1.dh_rel,0.21577516111472553,test
raw window (160d),160,temporal,mask_lag:lag1.da,0.01807890273630619,test
raw window (160d),160,temporal,mask_lag:lag2.dh,2.6784398555755615,test
raw window (160d),160,temporal,mask_lag:lag2.dh_rel,0.21436278358985192,test
raw window (160d),160,temporal,mask_lag:lag2.da,0.018645649775862694,test
raw window (160d),160,temporal,mask_lag:lag3.dh,2.6439340114593506,test
raw window (160d),160,temporal,mask_lag:lag3.dh_rel,0.21160118758855623,test
raw window (160d),160,temporal,mask_lag:lag3.da,0.019464466720819473,test
raw window (160d),160,temporal,mask_lag:lag5.dh,2.64558482170105,test
raw window (160d),160,temporal,mask_lag:lag5.dh_rel,0.21173330639564936,test
raw window (160d),160,temporal,mask_lag:lag5.da,0.02004072070121765,test
raw window (160d),160,temporal,mask_lag:lag10.dh,2.6561100482940674,test
raw window (160d),160,temporal,mask_lag:lag10.dh_rel,0.21257566873792727,test
raw window (160d),160,temporal,mask_lag:lag10.da,0.040643882006406784,test
raw window (160d),160,temporal,mask_lag:lag15.dh,2.638375759124756,test
raw window (160d),160,temporal,mask_lag:lag15.dh_rel,0.21115634562585237,test
raw window (160d),160,temporal,mask_lag:lag15.da,0.032360564917325974,test
raw window (160d),160,feature,zero_feature:f0.dh,3.4965009689331055,test
raw window (160d),160,feature,zero_feature:f0.dh_rel,0.2798344263601368,test
raw window (160d),160,feature,zero_feature:f0.da,0.018423840403556824,test
raw window (160d),160,feature,perm_feature:f0.dh,4.787560939788818,test
raw window (160d),160,feature,perm_feature:f0.dh_rel,0.38316144658721324,test
raw window (160d),160,feature,perm_feature:f0.da,0.02941170334815979,test
raw window (160d),160,feature,zero_feature:f1.dh,3.7019946575164795,test
raw window (160d),160,feature,zero_feature:f1.dh_rel,0.29628064186995356,test
raw window (160d),160,feature,zero_feature:f1.da,0.03749509155750275,test
raw window (160d),160,feature,perm_feature:f1.dh,4.634082794189453,test
raw window (160d),160,feature,perm_feature:f1.dh_rel,0.3708781756216911,test
raw window (160d),160,feature,perm_feature:f1.da,0.04993382468819618,test
raw window (160d),160,feature,zero_feature:f2.dh,3.527071237564087,test
raw window (160d),160,feature,zero_feature:f2.dh_rel,0.28228104761436634,test
raw window (160d),160,feature,zero_feature:f2.da,0.03578054532408714,test
raw window (160d),160,feature,perm_feature:f2.dh,2.912716865539551,test
raw window (160d),160,feature,perm_feature:f2.dh_rel,0.23311260613391518,test
raw window (160d),160,feature,perm_feature:f2.da,0.020516758784651756,test
raw window (160d),160,feature,zero_feature:f3.dh,2.135133981704712,test
raw window (160d),160,feature,zero_feature:f3.dh_rel,0.1708805455171043,test
raw window (160d),160,feature,zero_feature:f3.da,0.10055278241634369,test
raw window (160d),160,feature,perm_feature:f3.dh,0.9639344215393066,test
raw window (160d),160,feature,perm_feature:f3.dh_rel,0.07714627803536662,test
raw window (160d),160,feature,perm_feature:f3.da,0.006959485821425915,test
raw window (160d),160,feature,zero_feature:f4.dh,4.146260738372803,test
raw window (160d),160,feature,zero_feature:f4.dh_rel,0.33183645752460494,test
raw window (160d),160,feature,zero_feature:f4.da,0.08125279098749161,test
raw window (160d),160,feature,perm_feature:f4.dh,3.6106631755828857,test
raw window (160d),160,feature,perm_feature:f4.dh_rel,0.28897113642934535,test
raw window (160d),160,feature,perm_feature:f4.da,0.04631604626774788,test
raw window (160d),160,feature,zero_feature:f5.dh,6.960244178771973,test
raw window (160d),160,feature,zero_feature:f5.dh_rel,0.5570471606897471,test
raw window (160d),160,feature,zero_feature:f5.da,0.1012677252292633,test
raw window (160d),160,feature,perm_feature:f5.dh,7.376923084259033,test
raw window (160d),160,feature,perm_feature:f5.dh_rel,0.5903951001095724,test
raw window (160d),160,feature,perm_feature:f5.da,0.13733215630054474,test
raw window (160d),160,feature,zero_feature:f6.dh,4.372281074523926,test
raw window (160d),160,feature,zero_feature:f6.dh_rel,0.3499254761390839,test
raw window (160d),160,feature,zero_feature:f6.da,0.04515354707837105,test
raw window (160d),160,feature,perm_feature:f6.dh,5.638617515563965,test
raw window (160d),160,feature,perm_feature:f6.dh_rel,0.451273805427694,test
raw window (160d),160,feature,perm_feature:f6.da,0.05369563400745392,test
raw window (160d),160,feature,zero_feature:f7.dh,4.39242696762085,test
raw window (160d),160,feature,zero_feature:f7.dh_rel,0.35153780643396454,test
raw window (160d),160,feature,zero_feature:f7.da,0.08806741237640381,test
raw window (160d),160,feature,perm_feature:f7.dh,4.404728889465332,test
raw window (160d),160,feature,perm_feature:f7.dh_rel,0.3525223625010342,test
raw window (160d),160,feature,perm_feature:f7.da,0.06332100182771683,test
replab auto (128d),128,information,direction_1.accuracy,0.5465346534653466,val
replab auto (128d),128,information,direction_1.balanced_accuracy,0.5290497174058818,val
replab auto (128d),128,information,direction_1.auc,0.5464444231567519,val
replab auto (128d),128,information,direction_1.log_loss,0.7173451709873917,val
replab auto (128d),128,information,direction_1.accuracy,0.5159362549800797,test
replab auto (128d),128,information,direction_1.balanced_accuracy,0.49980044699872284,test
replab auto (128d),128,information,direction_1.auc,0.4813817049808429,test
replab auto (128d),128,information,direction_1.log_loss,0.7247541270946709,test
replab auto (128d),128,information,direction_5.accuracy,0.5900990099009901,val
replab auto (128d),128,information,direction_5.balanced_accuracy,0.5429173340761891,val
replab auto (128d),128,information,direction_5.auc,0.557855700257678,val
replab auto (128d),128,information,direction_5.log_loss,0.8445852649234119,val
replab auto (128d),128,information,direction_5.accuracy,0.534,test
replab auto (128d),128,information,direction_5.balanced_accuracy,0.4939160112776376,test
replab auto (128d),128,information,direction_5.auc,0.49975680532884864,test
replab auto (128d),128,information,direction_5.log_loss,0.7305018965789509,test
replab auto (128d),128,information,direction_20.accuracy,0.5485148514851486,val
replab auto (128d),128,information,direction_20.balanced_accuracy,0.42585498437700636,val
replab auto (128d),128,information,direction_20.auc,0.37814064974532374,val
replab auto (128d),128,information,direction_20.log_loss,0.9082744857724728,val
replab auto (128d),128,information,direction_20.accuracy,0.6030456852791878,test
replab auto (128d),128,information,direction_20.balanced_accuracy,0.5050613059595096,test
replab auto (128d),128,information,direction_20.auc,0.5059604293716714,test
replab auto (128d),128,information,direction_20.log_loss,0.6828512328733773,test
replab auto (128d),128,information,magnitude_1.r2,0.16709176313238294,val
replab auto (128d),128,information,magnitude_1.mae,0.006166312149069491,val
replab auto (128d),128,information,magnitude_1.spearman,0.38857515538607806,val
replab auto (128d),128,information,magnitude_1.r2,0.028600729195213948,test
replab auto (128d),128,information,magnitude_1.mae,0.005022036236933029,test
replab auto (128d),128,information,magnitude_1.spearman,0.29844888329140207,test
replab auto (128d),128,information,vol_5.r2,0.26993917208586815,val
replab auto (128d),128,information,vol_5.mae,0.08561163577267303,val
replab auto (128d),128,information,vol_5.spearman,0.49879596655317715,val
replab auto (128d),128,information,vol_5.r2,0.19456824800272354,test
replab auto (128d),128,information,vol_5.mae,0.05345112469920877,test
replab auto (128d),128,information,vol_5.spearman,0.5136051336051336,test
replab auto (128d),128,information,vol_20.r2,0.058396813520193325,val
replab auto (128d),128,information,vol_20.mae,0.08480915695436766,val
replab auto (128d),128,information,vol_20.spearman,0.3418112308125223,val
replab auto (128d),128,information,vol_20.r2,0.061457995613817706,test
replab auto (128d),128,information,vol_20.mae,0.04807013507887938,test
replab auto (128d),128,information,vol_20.spearman,0.42353664438200184,test
replab auto (128d),128,information,regime.accuracy,0.8534653465346534,val
replab auto (128d),128,information,regime.balanced_accuracy,0.7684461931039683,val
replab auto (128d),128,information,regime.auc,0.8875091408579859,val
replab auto (128d),128,information,regime.log_loss,0.4341277186985629,val
replab auto (128d),128,information,regime.accuracy,0.8716417910447761,test
replab auto (128d),128,information,regime.balanced_accuracy,0.5518329389297132,test
replab auto (128d),128,information,regime.auc,0.9232285706323022,test
replab auto (128d),128,information,regime.log_loss,0.39554784007533367,test
replab auto (128d),128,information,drawdown_20.r2,-0.38574858028749803,val
replab auto (128d),128,information,drawdown_20.mae,0.040544652437775046,val
replab auto (128d),128,information,drawdown_20.spearman,-0.018016827912243103,val
replab auto (128d),128,information,drawdown_20.r2,-0.40254702146554333,test
replab auto (128d),128,information,drawdown_20.mae,0.027167141077236393,test
replab auto (128d),128,information,drawdown_20.spearman,-0.03441887060928922,test
replab auto (128d),128,information,direction_1.baseline_acc,0.5378486055776892,test
replab auto (128d),128,information,direction_5.baseline_acc,0.586,test
replab auto (128d),128,information,direction_20.baseline_acc,0.6609137055837564,test
replab auto (128d),128,information,regime.baseline_acc,0.7731343283582089,test
replab auto (128d),128,preservation,reconstruction_r2_mean,0.9585319677438678,test
replab auto (128d),128,preservation,reconstruction_r2.z_ret_1d,0.9129369678547522,test
replab auto (128d),128,preservation,reconstruction_r2.z_ret_5d,0.952554922889284,test
replab auto (128d),128,preservation,reconstruction_r2.z_ret_20d,0.9717842841692643,test
replab auto (128d),128,preservation,reconstruction_r2.z_realized_vol_20d,0.961852496215826,test
replab auto (128d),128,preservation,reconstruction_r2.z_rsi_14,0.9889645130342505,test
replab auto (128d),128,preservation,reconstruction_r2.z_macd_hist,0.9904268410595352,test
replab auto (128d),128,preservation,reconstruction_r2.z_volume_zscore_20d,0.9018917035814839,test
replab auto (128d),128,preservation,reconstruction_r2.z_bollinger_pos,0.9878440131465468,test
replab auto (128d),128,efficiency,effective_rank,4.847097396850586,test
replab auto (128d),128,efficiency,spectral_rank,7.06585693359375,test
replab auto (128d),128,efficiency,rank_share,0.0378679484128952,test
replab auto (128d),128,efficiency,top1,0.31512346863746643,test
replab auto (128d),128,efficiency,top5,0.8774613738059998,test
replab auto (128d),128,efficiency,k95,8.0,test
replab auto (128d),128,efficiency,scale,16.31968879699707,test
replab auto (128d),128,efficiency,n,1005.0,test
replab auto (128d),128,efficiency,d,128.0,test
replab auto (128d),128,redundancy,direction_1.full_metric,0.4824752554278416,test
replab auto (128d),128,redundancy,direction_1.k_to_95,1.0,test
replab auto (128d),128,redundancy,magnitude_1.full_metric,0.02860055994032673,test
replab auto (128d),128,redundancy,magnitude_1.k_to_95,1.0,test
replab auto (128d),128,stability,seed_cka_mean,0.9759576121966044,test
replab auto (128d),128,stability,n_seeds,3.0,test
replab auto (128d),128,trading,Supervised.sharpe,0.635046903219204,test
replab auto (128d),128,trading,Supervised.total_return,0.43812503587797114,test
replab auto (128d),128,trading,Supervised.max_drawdown,-0.19637378204071854,test
replab auto (128d),128,trading,Supervised.turnover,0.36752988047808766,test
replab auto (128d),128,trading,Supervised.exposure,1.0,test
replab auto (128d),128,trading,Supervised.sharpe_cost0,0.635046903219204,test
replab auto (128d),128,trading,Supervised.sharpe_cost1,0.5788612071153371,test
replab auto (128d),128,trading,Supervised.sharpe_cost5,0.3540405098997799,test
replab auto (128d),128,trading,RL-A2C.sharpe,0.13859384927251345,test
replab auto (128d),128,trading,RL-A2C.total_return,0.03894260923863713,test
replab auto (128d),128,trading,RL-A2C.max_drawdown,-0.17655207047361743,test
replab auto (128d),128,trading,RL-A2C.turnover,0.1345657905906587,test
replab auto (128d),128,trading,RL-A2C.exposure,0.6906370253846587,test
replab auto (128d),128,trading,RL-A2C.sharpe_cost0,0.13859384927251345,test
replab auto (128d),128,trading,RL-A2C.sharpe_cost1,0.11294137806831021,test
replab auto (128d),128,trading,RL-A2C.sharpe_cost5,0.01036477761489195,test
replab auto (128d),128,temporal,mask_lag:lag1.dh,0.6151257157325745,test
replab auto (128d),128,temporal,mask_lag:lag1.dh_rel,0.15782409898732325,test
replab auto (128d),128,temporal,mask_lag:lag1.da,0.09808214753866196,test
replab auto (128d),128,temporal,mask_lag:lag2.dh,0.47806695103645325,test
replab auto (128d),128,temporal,mask_lag:lag2.dh_rel,0.12265864338493541,test
replab auto (128d),128,temporal,mask_lag:lag2.da,0.060244616121053696,test
replab auto (128d),128,temporal,mask_lag:lag3.dh,0.3910618722438812,test
replab auto (128d),128,temporal,mask_lag:lag3.dh_rel,0.10033556727779294,test
replab auto (128d),128,temporal,mask_lag:lag3.da,0.038492120802402496,test
replab auto (128d),128,temporal,mask_lag:lag5.dh,0.30587446689605713,test
replab auto (128d),128,temporal,mask_lag:lag5.dh_rel,0.07847885547039184,test
replab auto (128d),128,temporal,mask_lag:lag5.da,0.018095487728714943,test
replab auto (128d),128,temporal,mask_lag:lag10.dh,0.2146882563829422,test
replab auto (128d),128,temporal,mask_lag:lag10.dh_rel,0.05508301760144248,test
replab auto (128d),128,temporal,mask_lag:lag10.da,0.027332305908203125,test
replab auto (128d),128,temporal,mask_lag:lag15.dh,0.15564315021038055,test
replab auto (128d),128,temporal,mask_lag:lag15.dh_rel,0.03993369049162173,test
replab auto (128d),128,temporal,mask_lag:lag15.da,0.011614211834967136,test
replab auto (128d),128,feature,zero_feature:f0.dh,0.43817317485809326,test
replab auto (128d),128,feature,zero_feature:f0.dh_rel,0.11242301330230549,test
replab auto (128d),128,feature,zero_feature:f0.da,0.026585498824715614,test
replab auto (128d),128,feature,perm_feature:f0.dh,0.5646456480026245,test
replab auto (128d),128,feature,perm_feature:f0.dh_rel,0.14487232180985593,test
replab auto (128d),128,feature,perm_feature:f0.da,0.02246694080531597,test
replab auto (128d),128,feature,zero_feature:f1.dh,1.0727077722549438,test
replab auto (128d),128,feature,zero_feature:f1.dh_rel,0.27522688989064786,test
replab auto (128d),128,feature,zero_feature:f1.da,0.15718460083007812,test
replab auto (128d),128,feature,perm_feature:f1.dh,1.1062864065170288,test
replab auto (128d),128,feature,perm_feature:f1.dh_rel,0.2838422307260201,test
replab auto (128d),128,feature,perm_feature:f1.da,0.10307175666093826,test
replab auto (128d),128,feature,zero_feature:f2.dh,1.1209763288497925,test
replab auto (128d),128,feature,zero_feature:f2.dh_rel,0.2876112550036039,test
replab auto (128d),128,feature,zero_feature:f2.da,0.18807989358901978,test
replab auto (128d),128,feature,perm_feature:f2.dh,0.4834246337413788,test
replab auto (128d),128,feature,perm_feature:f2.dh_rel,0.12403327530803396,test
replab auto (128d),128,feature,perm_feature:f2.da,0.061797626316547394,test
replab auto (128d),128,feature,zero_feature:f3.dh,0.5549671649932861,test
replab auto (128d),128,feature,zero_feature:f3.dh_rel,0.14238909306255212,test
replab auto (128d),128,feature,zero_feature:f3.da,0.03307599946856499,test
replab auto (128d),128,feature,perm_feature:f3.dh,0.12818646430969238,test
replab auto (128d),128,feature,perm_feature:f3.dh_rel,0.032889070826691374,test
replab auto (128d),128,feature,perm_feature:f3.da,0.003830960486084223,test
replab auto (128d),128,feature,zero_feature:f4.dh,1.2585864067077637,test
replab auto (128d),128,feature,zero_feature:f4.dh_rel,0.3229181621837805,test
replab auto (128d),128,feature,zero_feature:f4.da,0.10174597054719925,test
replab auto (128d),128,feature,perm_feature:f4.dh,0.46788549423217773,test
replab auto (128d),128,feature,perm_feature:f4.dh_rel,0.12004636559290806,test
replab auto (128d),128,feature,perm_feature:f4.da,0.01976758986711502,test
replab auto (128d),128,feature,zero_feature:f5.dh,2.2491557598114014,test
replab auto (128d),128,feature,zero_feature:f5.dh_rel,0.5770706250699268,test
replab auto (128d),128,feature,zero_feature:f5.da,0.14680999517440796,test
replab auto (128d),128,feature,perm_feature:f5.dh,1.7849143743515015,test
replab auto (128d),128,feature,perm_feature:f5.dh_rel,0.45795923613120004,test
replab auto (128d),128,feature,perm_feature:f5.da,0.15051141381263733,test
replab auto (128d),128,feature,zero_feature:f6.dh,0.9295693039894104,test
replab auto (128d),128,feature,zero_feature:f6.dh_rel,0.2385015519529723,test
replab auto (128d),128,feature,zero_feature:f6.da,0.06605497002601624,test
replab auto (128d),128,feature,perm_feature:f6.dh,0.8535471558570862,test
replab auto (128d),128,feature,perm_feature:f6.dh_rel,0.2189963894712251,test
replab auto (128d),128,feature,perm_feature:f6.da,0.0720202773809433,test
replab auto (128d),128,feature,zero_feature:f7.dh,0.801304280757904,test
replab auto (128d),128,feature,zero_feature:f7.dh_rel,0.2055923250984388,test
replab auto (128d),128,feature,zero_feature:f7.da,0.15798096358776093,test
replab auto (128d),128,feature,perm_feature:f7.dh,0.595262885093689,test
replab auto (128d),128,feature,perm_feature:f7.dh_rel,0.15272785074287043,test
replab auto (128d),128,feature,perm_feature:f7.da,0.09628431499004364,test
replab predictive (128d),128,information,direction_1.accuracy,0.5386138613861386,val
replab predictive (128d),128,information,direction_1.balanced_accuracy,0.5145687645687645,val
replab predictive (128d),128,information,direction_1.auc,0.5325222722482996,val
replab predictive (128d),128,information,direction_1.log_loss,0.7285045840468402,val
replab predictive (128d),128,information,direction_1.accuracy,0.5368525896414342,test
replab predictive (128d),128,information,direction_1.balanced_accuracy,0.5192448914431673,test
replab predictive (128d),128,information,direction_1.auc,0.5196120689655173,test
replab predictive (128d),128,information,direction_1.log_loss,0.6987641308317618,test
replab predictive (128d),128,information,direction_5.accuracy,0.5782178217821782,val
replab predictive (128d),128,information,direction_5.balanced_accuracy,0.500661605961418,val
replab predictive (128d),128,information,direction_5.auc,0.47889825196740715,val
replab predictive (128d),128,information,direction_5.log_loss,0.7522001142431001,val
replab predictive (128d),128,information,direction_5.accuracy,0.565,test
replab predictive (128d),128,information,direction_5.balanced_accuracy,0.5047690887207136,test
replab predictive (128d),128,information,direction_5.auc,0.4930380372953455,test
replab predictive (128d),128,information,direction_5.log_loss,0.7136636226635813,test
replab predictive (128d),128,information,direction_20.accuracy,0.6495049504950495,val
replab predictive (128d),128,information,direction_20.balanced_accuracy,0.47567735307965586,val
replab predictive (128d),128,information,direction_20.auc,0.41700552155117065,val
replab predictive (128d),128,information,direction_20.log_loss,0.8254902177553635,val
replab predictive (128d),128,information,direction_20.accuracy,0.6588832487309645,test
replab predictive (128d),128,information,direction_20.balanced_accuracy,0.527622175004829,test
replab predictive (128d),128,information,direction_20.auc,0.5503233165006394,test
replab predictive (128d),128,information,direction_20.log_loss,0.6476024657911444,test
replab predictive (128d),128,information,magnitude_1.r2,-0.04480387526030727,val
replab predictive (128d),128,information,magnitude_1.mae,0.00693354302840616,val
replab predictive (128d),128,information,magnitude_1.spearman,0.3043654436336207,val
replab predictive (128d),128,information,magnitude_1.r2,-0.01778741565486297,test
replab predictive (128d),128,information,magnitude_1.mae,0.005026175249144198,test
replab predictive (128d),128,information,magnitude_1.spearman,0.3140164222620727,test
replab predictive (128d),128,information,vol_5.r2,0.12854700504471173,val
replab predictive (128d),128,information,vol_5.mae,0.08240762326912832,val
replab predictive (128d),128,information,vol_5.spearman,0.4889079280598868,val
replab predictive (128d),128,information,vol_5.r2,0.1607332039478181,test
replab predictive (128d),128,information,vol_5.mae,0.054381576384209075,test
replab predictive (128d),128,information,vol_5.spearman,0.4747981027981028,test
replab predictive (128d),128,information,vol_20.r2,-0.6020085765516769,val
replab predictive (128d),128,information,vol_20.mae,0.09806248990718859,val
replab predictive (128d),128,information,vol_20.spearman,0.21287734363498462,val
replab predictive (128d),128,information,vol_20.r2,0.07481195870128332,test
replab predictive (128d),128,information,vol_20.mae,0.043532019709222464,test
replab predictive (128d),128,information,vol_20.spearman,0.42978915413787333,test
replab predictive (128d),128,information,regime.accuracy,0.7821782178217822,val
replab predictive (128d),128,information,regime.balanced_accuracy,0.70068200514821,val
replab predictive (128d),128,information,regime.auc,0.850025889251221,val
replab predictive (128d),128,information,regime.log_loss,0.583380334923176,val
replab predictive (128d),128,information,regime.accuracy,0.8557213930348259,test
replab predictive (128d),128,information,regime.balanced_accuracy,0.5582541066412033,test
replab predictive (128d),128,information,regime.auc,0.9359674626783558,test
replab predictive (128d),128,information,regime.log_loss,0.37185061588880713,test
replab predictive (128d),128,information,drawdown_20.r2,-0.3449795418280801,val
replab predictive (128d),128,information,drawdown_20.mae,0.03796010434955474,val
replab predictive (128d),128,information,drawdown_20.spearman,0.017858962305091874,val
replab predictive (128d),128,information,drawdown_20.r2,-0.21113875060685494,test
replab predictive (128d),128,information,drawdown_20.mae,0.024818854389781108,test
replab predictive (128d),128,information,drawdown_20.spearman,0.06137388733018069,test
replab predictive (128d),128,information,direction_1.baseline_acc,0.5378486055776892,test
replab predictive (128d),128,information,direction_5.baseline_acc,0.586,test
replab predictive (128d),128,information,direction_20.baseline_acc,0.6609137055837564,test
replab predictive (128d),128,information,regime.baseline_acc,0.7731343283582089,test
replab predictive (128d),128,preservation,reconstruction_r2_mean,0.9887343282933974,test
replab predictive (128d),128,preservation,reconstruction_r2.z_ret_1d,0.976957627739474,test
replab predictive (128d),128,preservation,reconstruction_r2.z_ret_5d,0.9880191203060706,test
replab predictive (128d),128,preservation,reconstruction_r2.z_ret_20d,0.9916978612212528,test
replab predictive (128d),128,preservation,reconstruction_r2.z_realized_vol_20d,0.991667601672169,test
replab predictive (128d),128,preservation,reconstruction_r2.z_rsi_14,0.9977846639226111,test
replab predictive (128d),128,preservation,reconstruction_r2.z_macd_hist,0.9979896840383349,test
replab predictive (128d),128,preservation,reconstruction_r2.z_volume_zscore_20d,0.9713778138797794,test
replab predictive (128d),128,preservation,reconstruction_r2.z_bollinger_pos,0.9943802535674875,test
replab predictive (128d),128,efficiency,effective_rank,2.7743353843688965,test
replab predictive (128d),128,efficiency,spectral_rank,4.529708385467529,test
replab predictive (128d),128,efficiency,rank_share,0.021674495190382004,test
replab predictive (128d),128,efficiency,top1,0.5539418458938599,test
replab predictive (128d),128,efficiency,top5,0.9246375560760498,test
replab predictive (128d),128,efficiency,k95,7.0,test
replab predictive (128d),128,efficiency,scale,3.82656192779541,test
replab predictive (128d),128,efficiency,n,1005.0,test
replab predictive (128d),128,efficiency,d,128.0,test
replab predictive (128d),128,redundancy,direction_1.full_metric,0.5198475415070243,test
replab predictive (128d),128,redundancy,direction_1.k_to_95,1.0,test
replab predictive (128d),128,redundancy,magnitude_1.full_metric,-0.01778709817830859,test
replab predictive (128d),128,stability,seed_cka_mean,0.9644970695177714,test
replab predictive (128d),128,stability,n_seeds,3.0,test
replab predictive (128d),128,trading,Supervised.sharpe,1.0363887340856675,test
replab predictive (128d),128,trading,Supervised.total_return,0.870653162670824,test
replab predictive (128d),128,trading,Supervised.max_drawdown,-0.17218841254312411,test
replab predictive (128d),128,trading,Supervised.turnover,0.38745019920318724,test
replab predictive (128d),128,trading,Supervised.exposure,1.0,test
replab predictive (128d),128,trading,Supervised.sharpe_cost0,1.0363887340856675,test
replab predictive (128d),128,trading,Supervised.sharpe_cost1,0.9766835566733962,test
replab predictive (128d),128,trading,Supervised.sharpe_cost5,0.7379998391593797,test
replab predictive (128d),128,trading,RL-A2C.sharpe,-0.3234471253472406,test
replab predictive (128d),128,trading,RL-A2C.total_return,-0.22585405316804308,test
replab predictive (128d),128,trading,RL-A2C.max_drawdown,-0.405764933916151,test
replab predictive (128d),128,trading,RL-A2C.turnover,0.1153397640407975,test
replab predictive (128d),128,trading,RL-A2C.exposure,0.9643666450657061,test
replab predictive (128d),128,trading,RL-A2C.sharpe_cost0,-0.3234471253472406,test
replab predictive (128d),128,trading,RL-A2C.sharpe_cost1,-0.3417446753945963,test
replab predictive (128d),128,trading,RL-A2C.sharpe_cost5,-0.4149241293964233,test
replab predictive (128d),128,temporal,mask_lag:lag1.dh,0.4861099123954773,test
replab predictive (128d),128,temporal,mask_lag:lag1.dh_rel,0.27044089955311235,test
replab predictive (128d),128,temporal,mask_lag:lag1.da,0.06663844734430313,test
replab predictive (128d),128,temporal,mask_lag:lag2.dh,0.33635544776916504,test
replab predictive (128d),128,temporal,mask_lag:lag2.dh_rel,0.18712695944837765,test
replab predictive (128d),128,temporal,mask_lag:lag2.da,0.051733437925577164,test
replab predictive (128d),128,temporal,mask_lag:lag3.dh,0.2480005919933319,test
replab predictive (128d),128,temporal,mask_lag:lag3.dh_rel,0.137971889645024,test
replab predictive (128d),128,temporal,mask_lag:lag3.da,0.03292830288410187,test
replab predictive (128d),128,temporal,mask_lag:lag5.dh,0.15882372856140137,test
replab predictive (128d),128,temporal,mask_lag:lag5.dh_rel,0.08835950662034753,test
replab predictive (128d),128,temporal,mask_lag:lag5.da,0.019570140168070793,test
replab predictive (128d),128,temporal,mask_lag:lag10.dh,0.060664329677820206,test
replab predictive (128d),128,temporal,mask_lag:lag10.dh_rel,0.033749807338857525,test
replab predictive (128d),128,temporal,mask_lag:lag10.da,0.004619990009814501,test
replab predictive (128d),128,temporal,mask_lag:lag15.dh,0.02405608259141445,test
replab predictive (128d),128,temporal,mask_lag:lag15.dh_rel,0.01338328729748943,test
replab predictive (128d),128,temporal,mask_lag:lag15.da,0.0017806260148063302,test
replab predictive (128d),128,feature,zero_feature:f0.dh,0.3368832767009735,test
replab predictive (128d),128,feature,zero_feature:f0.dh_rel,0.1874206101793924,test
replab predictive (128d),128,feature,zero_feature:f0.da,0.03783826902508736,test
replab predictive (128d),128,feature,perm_feature:f0.dh,0.41536304354667664,test
replab predictive (128d),128,feature,perm_feature:f0.dh_rel,0.23108180325788996,test
replab predictive (128d),128,feature,perm_feature:f0.da,0.051661040633916855,test
replab predictive (128d),128,feature,zero_feature:f1.dh,0.47519999742507935,test
replab predictive (128d),128,feature,zero_feature:f1.dh_rel,0.26437131087901433,test
replab predictive (128d),128,feature,zero_feature:f1.da,0.02576237916946411,test
replab predictive (128d),128,feature,perm_feature:f1.dh,0.49203917384147644,test
replab predictive (128d),128,feature,perm_feature:f1.dh_rel,0.27373956670276933,test
replab predictive (128d),128,feature,perm_feature:f1.da,0.04271383211016655,test
replab predictive (128d),128,feature,zero_feature:f2.dh,0.6904574632644653,test
replab predictive (128d),128,feature,zero_feature:f2.dh_rel,0.38412699002214246,test
replab predictive (128d),128,feature,zero_feature:f2.da,0.03482632711529732,test
replab predictive (128d),128,feature,perm_feature:f2.dh,0.38898131251335144,test
replab predictive (128d),128,feature,perm_feature:f2.dh_rel,0.21640467183042741,test
replab predictive (128d),128,feature,perm_feature:f2.da,0.018160846084356308,test
replab predictive (128d),128,feature,zero_feature:f3.dh,0.34782329201698303,test
replab predictive (128d),128,feature,zero_feature:f3.dh_rel,0.19350694478756109,test
replab predictive (128d),128,feature,zero_feature:f3.da,0.009720276109874249,test
replab predictive (128d),128,feature,perm_feature:f3.dh,0.12893535196781158,test
replab predictive (128d),128,feature,perm_feature:f3.dh_rel,0.07173149874385598,test
replab predictive (128d),128,feature,perm_feature:f3.da,0.004414620343595743,test
replab predictive (128d),128,feature,zero_feature:f4.dh,0.5719136595726013,test
replab predictive (128d),128,feature,zero_feature:f4.dh_rel,0.31817669341351573,test
replab predictive (128d),128,feature,zero_feature:f4.da,0.07652926445007324,test
replab predictive (128d),128,feature,perm_feature:f4.dh,0.37118133902549744,test
replab predictive (128d),128,feature,perm_feature:f4.dh_rel,0.2065018891071645,test
replab predictive (128d),128,feature,perm_feature:f4.da,0.06260393559932709,test
replab predictive (128d),128,feature,zero_feature:f5.dh,0.9345526099205017,test
replab predictive (128d),128,feature,zero_feature:f5.dh_rel,0.5199261361718344,test
replab predictive (128d),128,feature,zero_feature:f5.da,0.09439580887556076,test
replab predictive (128d),128,feature,perm_feature:f5.dh,0.8543924689292908,test
replab predictive (128d),128,feature,perm_feature:f5.dh_rel,0.47533008888874445,test
replab predictive (128d),128,feature,perm_feature:f5.da,0.1792019009590149,test
replab predictive (128d),128,feature,zero_feature:f6.dh,0.47972315549850464,test
replab predictive (128d),128,feature,zero_feature:f6.dh_rel,0.2668877107857146,test
replab predictive (128d),128,feature,zero_feature:f6.da,0.020362714305520058,test
replab predictive (128d),128,feature,perm_feature:f6.dh,0.5055081248283386,test
replab predictive (128d),128,feature,perm_feature:f6.dh_rel,0.2812328416351274,test
replab predictive (128d),128,feature,perm_feature:f6.da,0.03200654685497284,test
replab predictive (128d),128,feature,zero_feature:f7.dh,0.47005757689476013,test
replab predictive (128d),128,feature,zero_feature:f7.dh_rel,0.26151039239404317,test
replab predictive (128d),128,feature,zero_feature:f7.da,0.04185010865330696,test
replab predictive (128d),128,feature,perm_feature:f7.dh,0.38958874344825745,test
replab predictive (128d),128,feature,perm_feature:f7.dh_rel,0.21674260809599924,test
replab predictive (128d),128,feature,perm_feature:f7.da,0.05881574749946594,test
replab contrastive (128d),128,information,direction_1.accuracy,0.5306930693069307,val
replab contrastive (128d),128,information,direction_1.balanced_accuracy,0.5006226650062267,val
replab contrastive (128d),128,information,direction_1.auc,0.5127247182041702,val
replab contrastive (128d),128,information,direction_1.log_loss,0.708305024304063,val
replab contrastive (128d),128,information,direction_1.accuracy,0.5179282868525896,test
replab contrastive (128d),128,information,direction_1.balanced_accuracy,0.5024106002554278,test
replab contrastive (128d),128,information,direction_1.auc,0.5141722541507024,test
replab contrastive (128d),128,information,direction_1.log_loss,0.7196829672127574,test
replab contrastive (128d),128,information,direction_5.accuracy,0.5524752475247525,val
replab contrastive (128d),128,information,direction_5.balanced_accuracy,0.4727783968242914,val
replab contrastive (128d),128,information,direction_5.auc,0.4911553729368341,val
replab contrastive (128d),128,information,direction_5.log_loss,0.7375237996092958,val
replab contrastive (128d),128,information,direction_5.accuracy,0.535,test
replab contrastive (128d),128,information,direction_5.balanced_accuracy,0.48590707490395874,test
replab contrastive (128d),128,information,direction_5.auc,0.47981072035085987,test
replab contrastive (128d),128,information,direction_5.log_loss,0.7562779570525368,test
replab contrastive (128d),128,information,direction_20.accuracy,0.6613861386138614,val
replab contrastive (128d),128,information,direction_20.balanced_accuracy,0.5170247827761846,val
replab contrastive (128d),128,information,direction_20.auc,0.49533450327440826,val
replab contrastive (128d),128,information,direction_20.log_loss,0.6682178688127245,val
replab contrastive (128d),128,information,direction_20.accuracy,0.6131979695431472,test
replab contrastive (128d),128,information,direction_20.balanced_accuracy,0.5010784881849205,test
replab contrastive (128d),128,information,direction_20.auc,0.5138984703404251,test
replab contrastive (128d),128,information,direction_20.log_loss,0.6880298003068955,test
replab contrastive (128d),128,information,magnitude_1.r2,0.26453963999870556,val
replab contrastive (128d),128,information,magnitude_1.mae,0.006076497624840236,val
replab contrastive (128d),128,information,magnitude_1.spearman,0.34180480956026077,val
replab contrastive (128d),128,information,magnitude_1.r2,0.050193603360099925,test
replab contrastive (128d),128,information,magnitude_1.mae,0.004895963070378641,test
replab contrastive (128d),128,information,magnitude_1.spearman,0.3189336264232622,test
replab contrastive (128d),128,information,vol_5.r2,0.35331704752692716,val
replab contrastive (128d),128,information,vol_5.mae,0.07697892111154604,val
replab contrastive (128d),128,information,vol_5.spearman,0.4806639048998068,val
replab contrastive (128d),128,information,vol_5.r2,0.05028571883826649,test
replab contrastive (128d),128,information,vol_5.mae,0.05797680337675681,test
replab contrastive (128d),128,information,vol_5.spearman,0.3923105723105723,test
replab contrastive (128d),128,information,vol_20.r2,0.07394099062169956,val
replab contrastive (128d),128,information,vol_20.mae,0.07774471494399857,val
replab contrastive (128d),128,information,vol_20.spearman,0.3587068334162609,val
replab contrastive (128d),128,information,vol_20.r2,-0.05366777448072124,test
replab contrastive (128d),128,information,vol_20.mae,0.048886648708491943,test
replab contrastive (128d),128,information,vol_20.spearman,0.33919318898402073,test
replab contrastive (128d),128,information,regime.accuracy,0.8495049504950495,val
replab contrastive (128d),128,information,regime.balanced_accuracy,0.7872160697899514,val
replab contrastive (128d),128,information,regime.auc,0.9132864264218434,val
replab contrastive (128d),128,information,regime.log_loss,0.40192988427688703,val
replab contrastive (128d),128,information,regime.accuracy,0.8606965174129353,test
replab contrastive (128d),128,information,regime.balanced_accuracy,0.6655029558255365,test
replab contrastive (128d),128,information,regime.auc,0.9404665708008201,test
replab contrastive (128d),128,information,regime.log_loss,0.33390439269876343,test
replab contrastive (128d),128,information,drawdown_20.r2,-0.15192087559650624,val
replab contrastive (128d),128,information,drawdown_20.mae,0.03376399289570991,val
replab contrastive (128d),128,information,drawdown_20.spearman,0.05764098954567728,val
replab contrastive (128d),128,information,drawdown_20.r2,-0.4761010568610575,test
replab contrastive (128d),128,information,drawdown_20.mae,0.02666490515498675,test
replab contrastive (128d),128,information,drawdown_20.spearman,-0.06783267110047246,test
replab contrastive (128d),128,information,direction_1.baseline_acc,0.5378486055776892,test
replab contrastive (128d),128,information,direction_5.baseline_acc,0.586,test
replab contrastive (128d),128,information,direction_20.baseline_acc,0.6609137055837564,test
replab contrastive (128d),128,information,regime.baseline_acc,0.7731343283582089,test
replab contrastive (128d),128,preservation,reconstruction_r2_mean,0.9407157462993614,test
replab contrastive (128d),128,preservation,reconstruction_r2.z_ret_1d,0.8353659776819338,test
replab contrastive (128d),128,preservation,reconstruction_r2.z_ret_5d,0.9380840118187489,test
replab contrastive (128d),128,preservation,reconstruction_r2.z_ret_20d,0.9649715109117039,test
replab contrastive (128d),128,preservation,reconstruction_r2.z_realized_vol_20d,0.9309902802938638,test
replab contrastive (128d),128,preservation,reconstruction_r2.z_rsi_14,0.9844426384017508,test
replab contrastive (128d),128,preservation,reconstruction_r2.z_macd_hist,0.9826508418288014,test
replab contrastive (128d),128,preservation,reconstruction_r2.z_volume_zscore_20d,0.913188615531802,test
replab contrastive (128d),128,preservation,reconstruction_r2.z_bollinger_pos,0.9760320939262869,test
replab contrastive (128d),128,efficiency,effective_rank,5.3433942794799805,test
replab contrastive (128d),128,efficiency,spectral_rank,8.464705467224121,test
replab contrastive (128d),128,efficiency,rank_share,0.04174526780843735,test
replab contrastive (128d),128,efficiency,top1,0.3069918751716614,test
replab contrastive (128d),128,efficiency,top5,0.8418350219726562,test
replab contrastive (128d),128,efficiency,k95,13.0,test
replab contrastive (128d),128,efficiency,scale,22.20500946044922,test
replab contrastive (128d),128,efficiency,n,1005.0,test
replab contrastive (128d),128,efficiency,d,128.0,test
replab contrastive (128d),128,redundancy,direction_1.full_metric,0.5135217113665389,test
replab contrastive (128d),128,redundancy,direction_1.k_to_95,1.0,test
replab contrastive (128d),128,redundancy,magnitude_1.full_metric,0.05019402886946833,test
replab contrastive (128d),128,redundancy,magnitude_1.k_to_95,1.0,test
replab contrastive (128d),128,stability,seed_cka_mean,0.9799577991167704,test
replab contrastive (128d),128,stability,n_seeds,3.0,test
replab contrastive (128d),128,trading,Supervised.sharpe,0.3167862156581613,test
replab contrastive (128d),128,trading,Supervised.total_return,0.16664937968800975,test
replab contrastive (128d),128,trading,Supervised.max_drawdown,-0.26732277403453286,test
replab contrastive (128d),128,trading,Supervised.turnover,0.41932270916334663,test
replab contrastive (128d),128,trading,Supervised.exposure,1.0,test
replab contrastive (128d),128,trading,Supervised.sharpe_cost0,0.3167862156581613,test
replab contrastive (128d),128,trading,Supervised.sharpe_cost1,0.25268567424047245,test
replab contrastive (128d),128,trading,Supervised.sharpe_cost5,-0.0031825639738894845,test
replab contrastive (128d),128,trading,RL-A2C.sharpe,0.0756180431073596,test
replab contrastive (128d),128,trading,RL-A2C.total_return,0.0010315840953116773,test
replab contrastive (128d),128,trading,RL-A2C.max_drawdown,-0.22415641307670608,test
replab contrastive (128d),128,trading,RL-A2C.turnover,0.08200425137927876,test
replab contrastive (128d),128,trading,RL-A2C.exposure,0.8416659836096119,test
replab contrastive (128d),128,trading,RL-A2C.sharpe_cost0,0.0756180431073596,test
replab contrastive (128d),128,trading,RL-A2C.sharpe_cost1,0.06165062790870328,test
replab contrastive (128d),128,trading,RL-A2C.sharpe_cost5,0.0057917212571995695,test
replab contrastive (128d),128,temporal,mask_lag:lag1.dh,0.5901200175285339,test
replab contrastive (128d),128,temporal,mask_lag:lag1.dh_rel,0.12717466409584852,test
replab contrastive (128d),128,temporal,mask_lag:lag1.da,0.061258696019649506,test
replab contrastive (128d),128,temporal,mask_lag:lag2.dh,0.4565720558166504,test
replab contrastive (128d),128,temporal,mask_lag:lag2.dh_rel,0.09839421831038961,test
replab contrastive (128d),128,temporal,mask_lag:lag2.da,0.05505406856536865,test
replab contrastive (128d),128,temporal,mask_lag:lag3.dh,0.362080842256546,test
replab contrastive (128d),128,temporal,mask_lag:lag3.dh_rel,0.07803075327349258,test
replab contrastive (128d),128,temporal,mask_lag:lag3.da,0.044941335916519165,test
replab contrastive (128d),128,temporal,mask_lag:lag5.dh,0.2699826955795288,test
replab contrastive (128d),128,temporal,mask_lag:lag5.dh_rel,0.05818300956103071,test
replab contrastive (128d),128,temporal,mask_lag:lag5.da,0.026863517239689827,test
replab contrastive (128d),128,temporal,mask_lag:lag10.dh,0.17530883848667145,test
replab contrastive (128d),128,temporal,mask_lag:lag10.dh_rel,0.03778018366661792,test
replab contrastive (128d),128,temporal,mask_lag:lag10.da,0.011747371405363083,test
replab contrastive (128d),128,temporal,mask_lag:lag15.dh,0.1288718432188034,test
replab contrastive (128d),128,temporal,mask_lag:lag15.dh_rel,0.027772712136428606,test
replab contrastive (128d),128,temporal,mask_lag:lag15.da,0.010770044289529324,test
replab contrastive (128d),128,feature,zero_feature:f0.dh,0.4427020847797394,test
replab contrastive (128d),128,feature,zero_feature:f0.dh_rel,0.09540515023060189,test
replab contrastive (128d),128,feature,zero_feature:f0.da,0.019460884854197502,test
replab contrastive (128d),128,feature,perm_feature:f0.dh,0.5908271074295044,test
replab contrastive (128d),128,feature,perm_feature:f0.dh_rel,0.12732704652310134,test
replab contrastive (128d),128,feature,perm_feature:f0.da,0.02851540595293045,test
replab contrastive (128d),128,feature,zero_feature:f1.dh,1.0223720073699951,test
replab contrastive (128d),128,feature,zero_feature:f1.dh_rel,0.22032775156960452,test
replab contrastive (128d),128,feature,zero_feature:f1.da,0.09204424917697906,test
replab contrastive (128d),128,feature,perm_feature:f1.dh,1.2653255462646484,test
replab contrastive (128d),128,feature,perm_feature:f1.dh_rel,0.2726858037997701,test
replab contrastive (128d),128,feature,perm_feature:f1.da,0.09205048531293869,test
replab contrastive (128d),128,feature,zero_feature:f2.dh,1.1382436752319336,test
replab contrastive (128d),128,feature,zero_feature:f2.dh_rel,0.24529884219669923,test
replab contrastive (128d),128,feature,zero_feature:f2.da,0.1845654547214508,test
replab contrastive (128d),128,feature,perm_feature:f2.dh,0.4824940860271454,test
replab contrastive (128d),128,feature,perm_feature:f2.dh_rel,0.10398058275623344,test
replab contrastive (128d),128,feature,perm_feature:f2.da,0.03597283735871315,test
replab contrastive (128d),128,feature,zero_feature:f3.dh,0.34716734290122986,test
replab contrastive (128d),128,feature,zero_feature:f3.dh_rel,0.0748167981208625,test
replab contrastive (128d),128,feature,zero_feature:f3.da,0.04354296252131462,test
replab contrastive (128d),128,feature,perm_feature:f3.dh,0.09840191155672073,test
replab contrastive (128d),128,feature,perm_feature:f3.dh_rel,0.02120624563970202,test
replab contrastive (128d),128,feature,perm_feature:f3.da,0.013340425677597523,test
replab contrastive (128d),128,feature,zero_feature:f4.dh,0.8702673316001892,test
replab contrastive (128d),128,feature,zero_feature:f4.dh_rel,0.18754821440113745,test
replab contrastive (128d),128,feature,zero_feature:f4.da,0.08542446047067642,test
replab contrastive (128d),128,feature,perm_feature:f4.dh,0.39794790744781494,test
replab contrastive (128d),128,feature,perm_feature:f4.dh_rel,0.08576033680280062,test
replab contrastive (128d),128,feature,perm_feature:f4.da,0.06442373991012573,test
replab contrastive (128d),128,feature,zero_feature:f5.dh,2.002028465270996,test
replab contrastive (128d),128,feature,zero_feature:f5.dh_rel,0.4314500271444445,test
replab contrastive (128d),128,feature,zero_feature:f5.da,0.07762470096349716,test
replab contrastive (128d),128,feature,perm_feature:f5.dh,1.9832510948181152,test
replab contrastive (128d),128,feature,perm_feature:f5.dh_rel,0.427403382887316,test
replab contrastive (128d),128,feature,perm_feature:f5.da,0.09879644960165024,test
replab contrastive (128d),128,feature,zero_feature:f6.dh,0.5766400098800659,test
replab contrastive (128d),128,feature,zero_feature:f6.dh_rel,0.12426963563759849,test
replab contrastive (128d),128,feature,zero_feature:f6.da,0.02387915924191475,test
replab contrastive (128d),128,feature,perm_feature:f6.dh,0.6040505170822144,test
replab contrastive (128d),128,feature,perm_feature:f6.dh_rel,0.1301767764607981,test
replab contrastive (128d),128,feature,perm_feature:f6.da,0.027192596346139908,test
replab contrastive (128d),128,feature,zero_feature:f7.dh,0.6251590251922607,test
replab contrastive (128d),128,feature,zero_feature:f7.dh_rel,0.13472579589535716,test
replab contrastive (128d),128,feature,zero_feature:f7.da,0.06010439619421959,test
replab contrastive (128d),128,feature,perm_feature:f7.dh,0.521783173084259,test
replab contrastive (128d),128,feature,perm_feature:f7.dh_rel,0.112447634035136,test
replab contrastive (128d),128,feature,perm_feature:f7.da,0.05558141693472862,test
DDR-GRU (32d),32,information,direction_1.accuracy,0.5308764940239044,test
DDR-GRU (32d),32,information,direction_1.balanced_accuracy,0.5053480204342273,test
DDR-GRU (32d),32,information,direction_1.auc,0.507367496807152,test
DDR-GRU (32d),32,information,direction_1.log_loss,0.692979788275885,test
DDR-GRU (32d),32,information,direction_5.accuracy,0.591,test
DDR-GRU (32d),32,information,direction_5.balanced_accuracy,0.520218133254192,test
DDR-GRU (32d),32,information,direction_5.auc,0.5049710639560766,test
DDR-GRU (32d),32,information,direction_5.log_loss,0.6851497353381901,test
DDR-GRU (32d),32,information,direction_20.accuracy,0.650761421319797,test
DDR-GRU (32d),32,information,direction_20.balanced_accuracy,0.4988801199444429,test
DDR-GRU (32d),32,information,direction_20.auc,0.4515669122584325,test
DDR-GRU (32d),32,information,direction_20.log_loss,0.6767441555082448,test
DDR-GRU (32d),32,information,magnitude_1.r2,0.07433540197652744,test
DDR-GRU (32d),32,information,magnitude_1.mae,0.004860431362936511,test
DDR-GRU (32d),32,information,magnitude_1.spearman,0.3087811795296787,test
DDR-GRU (32d),32,information,vol_5.r2,0.20672752402686667,test
DDR-GRU (32d),32,information,vol_5.mae,0.05359276171075164,test
DDR-GRU (32d),32,information,vol_5.spearman,0.4902901302901303,test
DDR-GRU (32d),32,information,vol_20.r2,0.08530963772330225,test
DDR-GRU (32d),32,information,vol_20.mae,0.04433728171114236,test
DDR-GRU (32d),32,information,vol_20.spearman,0.4012068676714815,test
DDR-GRU (32d),32,information,regime.accuracy,0.8567164179104477,test
DDR-GRU (32d),32,information,regime.balanced_accuracy,0.7888185630121113,test
DDR-GRU (32d),32,information,regime.auc,0.9494173886134442,test
DDR-GRU (32d),32,information,regime.log_loss,0.33637392501999436,test
DDR-GRU (32d),32,information,drawdown_20.r2,-0.14766218742490467,test
DDR-GRU (32d),32,information,drawdown_20.mae,0.02365840569132667,test
DDR-GRU (32d),32,information,drawdown_20.spearman,-0.016190904482084663,test
DDR-GRU (32d),32,preservation,reconstruction_r2_mean,0.8930458577904141,test
DDR-GRU (32d),32,efficiency,effective_rank,1.7942265272140503,test
DDR-GRU (32d),32,efficiency,spectral_rank,3.1692047119140625,test
DDR-GRU (32d),32,efficiency,rank_share,0.05606957897543907,test
DDR-GRU (32d),32,efficiency,top1,0.7377241253852844,test
DDR-GRU (32d),32,efficiency,top5,0.9223369359970093,test
DDR-GRU (32d),32,efficiency,k95,7.0,test
DDR-GRU (32d),32,efficiency,scale,4.792400360107422,test
DDR-GRU (32d),32,efficiency,n,1005.0,test
DDR-GRU (32d),32,efficiency,d,32.0,test
DDR-GRU (32d),32,redundancy,direction_1.k_to_95,1.0,test
DDR-GRU (32d),32,redundancy,magnitude_1.k_to_95,4.0,test
DDR-GRU (32d),32,stability,seed_cka_mean,0.9505027234554291,test
DDR-GRU (32d),32,stability,n_seeds,5.0,test
TACR transformer (128d),128,information,direction_1.accuracy,0.500996015936255,test
TACR transformer (128d),128,information,direction_1.balanced_accuracy,0.4875798212005109,test
TACR transformer (128d),128,information,direction_1.auc,0.4968071519795658,test
TACR transformer (128d),128,information,direction_1.log_loss,0.7209272397168006,test
TACR transformer (128d),128,information,direction_5.accuracy,0.579,test
TACR transformer (128d),128,information,direction_5.balanced_accuracy,0.5294760185322583,test
TACR transformer (128d),128,information,direction_5.auc,0.5501145900314917,test
TACR transformer (128d),128,information,direction_5.log_loss,0.6892829131653987,test
TACR transformer (128d),128,information,direction_20.accuracy,0.6426395939086295,test
TACR transformer (128d),128,information,direction_20.balanced_accuracy,0.5197071295197623,test
TACR transformer (128d),128,information,direction_20.auc,0.5161842214189133,test
TACR transformer (128d),128,information,direction_20.log_loss,0.6663863059412944,test
TACR transformer (128d),128,information,magnitude_1.r2,0.012560110734470609,test
TACR transformer (128d),128,information,magnitude_1.mae,0.005135280945819805,test
TACR transformer (128d),128,information,magnitude_1.spearman,0.2747463984770028,test
TACR transformer (128d),128,information,vol_5.r2,0.20859946645132654,test
TACR transformer (128d),128,information,vol_5.mae,0.05462593155582182,test
TACR transformer (128d),128,information,vol_5.spearman,0.5205010845010846,test
TACR transformer (128d),128,information,vol_20.r2,0.24205182125126112,test
TACR transformer (128d),128,information,vol_20.mae,0.04220320324363397,test
TACR transformer (128d),128,information,vol_20.spearman,0.5250710391186655,test
TACR transformer (128d),128,information,regime.accuracy,0.8855721393034826,test
TACR transformer (128d),128,information,regime.balanced_accuracy,0.7780281328668425,test
TACR transformer (128d),128,information,regime.auc,0.9591947590860418,test
TACR transformer (128d),128,information,regime.log_loss,0.27622064705504445,test
TACR transformer (128d),128,information,drawdown_20.r2,-0.06585199721609003,test
TACR transformer (128d),128,information,drawdown_20.mae,0.02306354931607139,test
TACR transformer (128d),128,information,drawdown_20.spearman,0.1084936545978654,test
TACR transformer (128d),128,preservation,reconstruction_r2_mean,0.9817659762131172,test
TACR transformer (128d),128,efficiency,effective_rank,3.5450515747070312,test
TACR transformer (128d),128,efficiency,spectral_rank,7.714453220367432,test
TACR transformer (128d),128,efficiency,rank_share,0.02769571542739868,test
TACR transformer (128d),128,efficiency,top1,0.48754939436912537,test
TACR transformer (128d),128,efficiency,top5,0.8521321415901184,test
TACR transformer (128d),128,efficiency,k95,35.0,test
TACR transformer (128d),128,efficiency,scale,5.138069152832031,test
TACR transformer (128d),128,efficiency,n,1005.0,test
TACR transformer (128d),128,efficiency,d,128.0,test
TACR transformer (128d),128,redundancy,direction_1.k_to_95,1.0,test
TACR transformer (128d),128,redundancy,magnitude_1.k_to_95,1.0,test
TACR transformer (128d),128,stability,seed_cka_mean,0.6566817879676818,test
TACR transformer (128d),128,stability,n_seeds,5.0,test
D encoder (128d),128,information,direction_1.accuracy,0.5119521912350598,test
D encoder (128d),128,information,direction_1.balanced_accuracy,0.4959450830140485,test
D encoder (128d),128,information,direction_1.auc,0.5024385376756066,test
D encoder (128d),128,information,direction_1.log_loss,0.7090481930791054,test
D encoder (128d),128,information,direction_5.accuracy,0.567,test
D encoder (128d),128,information,direction_5.balanced_accuracy,0.5114383934312707,test
D encoder (128d),128,information,direction_5.auc,0.5285609470577567,test
D encoder (128d),128,information,direction_5.log_loss,0.6989625894742157,test
D encoder (128d),128,information,direction_20.accuracy,0.6182741116751269,test
D encoder (128d),128,information,direction_20.balanced_accuracy,0.49617125196611384,test
D encoder (128d),128,information,direction_20.auc,0.4797225824848,test
D encoder (128d),128,information,direction_20.log_loss,0.6997947676249913,test
D encoder (128d),128,information,magnitude_1.r2,-0.05226700799134654,test
D encoder (128d),128,information,magnitude_1.mae,0.0052293218701496965,test
D encoder (128d),128,information,magnitude_1.spearman,0.3081470602320043,test
D encoder (128d),128,information,vol_5.r2,0.13422958459300482,test
D encoder (128d),128,information,vol_5.mae,0.05686561171729101,test
D encoder (128d),128,information,vol_5.spearman,0.4931513912062879,test
D encoder (128d),128,information,vol_20.r2,0.14927011211657415,test
D encoder (128d),128,information,vol_20.mae,0.043225102223064485,test
D encoder (128d),128,information,vol_20.spearman,0.4865559434733896,test
D encoder (128d),128,information,regime.accuracy,0.909452736318408,test
D encoder (128d),128,information,regime.balanced_accuracy,0.789448853964983,test
D encoder (128d),128,information,regime.auc,0.9776556944064718,test
D encoder (128d),128,information,regime.log_loss,0.22745820435383665,test
D encoder (128d),128,information,drawdown_20.r2,-0.16939375010776647,test
D encoder (128d),128,information,drawdown_20.mae,0.024099015359717004,test
D encoder (128d),128,information,drawdown_20.spearman,0.0595324269226953,test
D encoder (128d),128,preservation,reconstruction_r2_mean,0.9454177517790253,test
D encoder (128d),128,efficiency,effective_rank,2.6191115379333496,test
D encoder (128d),128,efficiency,spectral_rank,5.2889251708984375,test
D encoder (128d),128,efficiency,rank_share,0.020461808890104294,test
D encoder (128d),128,efficiency,top1,0.578558087348938,test
D encoder (128d),128,efficiency,top5,0.8742660284042358,test
D encoder (128d),128,efficiency,k95,15.0,test
D encoder (128d),128,efficiency,scale,1.1012802124023438,test
D encoder (128d),128,efficiency,n,1005.0,test
D encoder (128d),128,efficiency,d,128.0,test
D encoder (128d),128,redundancy,direction_1.k_to_95,1.0,test
D encoder (128d),128,stability,seed_cka_mean,0.8924380838871002,test
D encoder (128d),128,stability,n_seeds,5.0,test
