rep,algo,seed,metric,group,value
raw,BC,20260814,divergence,all,0.09979325532913208
raw,BC,20260814,corr_behavior,all,0.7475781004697045
raw,BC,20260814,action_std,all,0.15411363542079926
raw,BC,20260814,behavior_action_std,all,0.4643709659576416
raw,BC,20260814,js_divergence,all,0.4500914733721815
raw,BC,20260814,sharpe,all,0.856162807105458
raw,BC,20260814,sharpe_regime,bull,0.6856805075481179
raw,BC,20260814,sharpe_regime,bear,1.2894413567230665
raw,BC,20260814,sharpe_regime,crisis,2.3377183920585662
raw,BC,20260814,sharpe_year,2021,2.518197843290007
raw,BC,20260814,sharpe_year,2022,0.6546270469270807
raw,BC,20260814,sharpe_year,2023,0.5275375537793402
raw,BC,20260814,sharpe_year,2024,0.8192551730467617
raw,BC,111,divergence,all,0.06173870339989662
raw,BC,111,corr_behavior,all,0.9091886666971996
raw,BC,111,action_std,all,0.1708991527557373
raw,BC,111,behavior_action_std,all,0.4643709659576416
raw,BC,111,js_divergence,all,0.4266213236827162
raw,BC,111,sharpe,all,0.7303266622460537
raw,BC,111,sharpe_regime,bull,0.6325556642023733
raw,BC,111,sharpe_regime,bear,1.0320017204941094
raw,BC,111,sharpe_regime,crisis,-0.19888563845579846
raw,BC,111,sharpe_year,2021,1.8714518483120282
raw,BC,111,sharpe_year,2022,-0.39787190961038393
raw,BC,111,sharpe_year,2023,1.2672984301471384
raw,BC,111,sharpe_year,2024,1.7604078016094376
raw,BC,222,divergence,all,0.1499568223953247
raw,BC,222,corr_behavior,all,0.6810416236528515
raw,BC,222,action_std,all,0.2567977011203766
raw,BC,222,behavior_action_std,all,0.4643709659576416
raw,BC,222,js_divergence,all,0.31265796172090565
raw,BC,222,sharpe,all,0.30303724063672194
raw,BC,222,sharpe_regime,bull,-0.25793236546100495
raw,BC,222,sharpe_regime,bear,1.1379675599985932
raw,BC,222,sharpe_regime,crisis,1.4838538580658336
raw,BC,222,sharpe_year,2021,1.4709373327737296
raw,BC,222,sharpe_year,2022,-0.25175945423386725
raw,BC,222,sharpe_year,2023,0.2874297577474395
raw,BC,222,sharpe_year,2024,1.0270592067405737
raw,A2C,20260814,divergence,all,0.9909959435462952
raw,A2C,20260814,corr_behavior,all,-0.42282300205334833
raw,A2C,20260814,action_std,all,0.9245381951332092
raw,A2C,20260814,behavior_action_std,all,0.4643709659576416
raw,A2C,20260814,js_divergence,all,0.617835424567642
raw,A2C,20260814,sharpe,all,0.4731420418516694
raw,A2C,20260814,sharpe_regime,bull,0.3189873624813225
raw,A2C,20260814,sharpe_regime,bear,0.8821129860796794
raw,A2C,20260814,sharpe_regime,crisis,-1.6369705277192115
raw,A2C,20260814,sharpe_year,2021,0.2739775779358152
raw,A2C,20260814,sharpe_year,2022,1.1435326253139286
raw,A2C,20260814,sharpe_year,2023,0.60803118713816
raw,A2C,20260814,sharpe_year,2024,-0.6598519379733006
raw,A2C,111,divergence,all,1.0155469179153442
raw,A2C,111,corr_behavior,all,-0.36419267786288934
raw,A2C,111,action_std,all,0.9292727708816528
raw,A2C,111,behavior_action_std,all,0.4643709659576416
raw,A2C,111,js_divergence,all,0.6623923889328086
raw,A2C,111,sharpe,all,0.24231156221478847
raw,A2C,111,sharpe_regime,bull,0.10350663272674941
raw,A2C,111,sharpe_regime,bear,0.6152393522281299
raw,A2C,111,sharpe_regime,crisis,-3.1562311107079375
raw,A2C,111,sharpe_year,2021,0.2792505295006717
raw,A2C,111,sharpe_year,2022,0.8631710179460174
raw,A2C,111,sharpe_year,2023,0.4330162630720634
raw,A2C,111,sharpe_year,2024,-1.141409139542115
raw,A2C,222,divergence,all,0.8849947452545166
raw,A2C,222,corr_behavior,all,-0.4775692203872851
raw,A2C,222,action_std,all,0.7976419925689697
raw,A2C,222,behavior_action_std,all,0.4643709659576416
raw,A2C,222,js_divergence,all,0.5082275408504295
raw,A2C,222,sharpe,all,0.22259562975271333
raw,A2C,222,sharpe_regime,bull,0.14293131800319098
raw,A2C,222,sharpe_regime,bear,0.44960810070132146
raw,A2C,222,sharpe_regime,crisis,-1.6423868358885632
raw,A2C,222,sharpe_year,2021,0.40838931248188187
raw,A2C,222,sharpe_year,2022,0.5438217339157019
raw,A2C,222,sharpe_year,2023,0.44624413827434645
raw,A2C,222,sharpe_year,2024,-0.8577456101809103
raw,IQL,20260814,divergence,all,0.12434141337871552
raw,IQL,20260814,corr_behavior,all,0.6687998428531132
raw,IQL,20260814,action_std,all,0.19576190412044525
raw,IQL,20260814,behavior_action_std,all,0.4643709659576416
raw,IQL,20260814,js_divergence,all,0.3888072102065851
raw,IQL,20260814,sharpe,all,0.2901503133373625
raw,IQL,20260814,sharpe_regime,bull,0.07207385138232564
raw,IQL,20260814,sharpe_regime,bear,0.6648110247963063
raw,IQL,20260814,sharpe_regime,crisis,1.5519390501658379
raw,IQL,20260814,sharpe_year,2021,2.45217912124266
raw,IQL,20260814,sharpe_year,2022,-0.3603869459122782
raw,IQL,20260814,sharpe_year,2023,0.3337625741229822
raw,IQL,20260814,sharpe_year,2024,-0.09923513757656462
raw,IQL,111,divergence,all,0.09979750961065292
raw,IQL,111,corr_behavior,all,0.7470610891997561
raw,IQL,111,action_std,all,0.1763087511062622
raw,IQL,111,behavior_action_std,all,0.4643709659576416
raw,IQL,111,js_divergence,all,0.4141192413613122
raw,IQL,111,sharpe,all,0.4024150189495156
raw,IQL,111,sharpe_regime,bull,0.43335541303744063
raw,IQL,111,sharpe_regime,bear,0.43033999640059584
raw,IQL,111,sharpe_regime,crisis,-0.7142386485479927
raw,IQL,111,sharpe_year,2021,2.165478708916483
raw,IQL,111,sharpe_year,2022,-0.3866964102170759
raw,IQL,111,sharpe_year,2023,-0.6891333302603919
raw,IQL,111,sharpe_year,2024,0.8992306398395834
raw,IQL,222,divergence,all,0.07024947553873062
raw,IQL,222,corr_behavior,all,0.8846578720559802
raw,IQL,222,action_std,all,0.19421520829200745
raw,IQL,222,behavior_action_std,all,0.4643709659576416
raw,IQL,222,js_divergence,all,0.38128231749387403
raw,IQL,222,sharpe,all,0.49604464906683426
raw,IQL,222,sharpe_regime,bull,0.10018610834294352
raw,IQL,222,sharpe_regime,bear,1.1612195482495797
raw,IQL,222,sharpe_regime,crisis,3.1031611582448524
raw,IQL,222,sharpe_year,2021,1.8909187998772832
raw,IQL,222,sharpe_year,2022,-0.044919691715023156
raw,IQL,222,sharpe_year,2023,-0.15074829019860037
raw,IQL,222,sharpe_year,2024,1.2807735243798275
raw,CQL,20260814,divergence,all,0.7770997285842896
raw,CQL,20260814,corr_behavior,all,0.6992643886805647
raw,CQL,20260814,action_std,all,0.2920231521129608
raw,CQL,20260814,behavior_action_std,all,0.4643709659576416
raw,CQL,20260814,js_divergence,all,0.573883106178579
raw,CQL,20260814,sharpe,all,0.637592534137844
raw,CQL,20260814,sharpe_regime,bull,0.7603110954543969
raw,CQL,20260814,sharpe_regime,bear,0.3583770511303777
raw,CQL,20260814,sharpe_regime,crisis,1.6303936784993478
raw,CQL,20260814,sharpe_year,2021,1.649009304630418
raw,CQL,20260814,sharpe_year,2022,-1.311055740093511
raw,CQL,20260814,sharpe_year,2023,1.4623271864961433
raw,CQL,20260814,sharpe_year,2024,1.8440199039716825
raw,CQL,111,divergence,all,0.13665136694908142
raw,CQL,111,corr_behavior,all,0.6733772571640111
raw,CQL,111,action_std,all,0.22472494840621948
raw,CQL,111,behavior_action_std,all,0.4643709659576416
raw,CQL,111,js_divergence,all,0.3527233373602906
raw,CQL,111,sharpe,all,0.25361773994134995
raw,CQL,111,sharpe_regime,bull,0.07299803262198758
raw,CQL,111,sharpe_regime,bear,0.48528830082821917
raw,CQL,111,sharpe_regime,crisis,5.57411879564876
raw,CQL,111,sharpe_year,2021,1.6935113133072528
raw,CQL,111,sharpe_year,2022,-0.6000845683581101
raw,CQL,111,sharpe_year,2023,0.5275701787085072
raw,CQL,111,sharpe_year,2024,1.2039732026948489
raw,CQL,222,divergence,all,0.7741650342941284
raw,CQL,222,corr_behavior,all,0.7062583624383756
raw,CQL,222,action_std,all,0.28946202993392944
raw,CQL,222,behavior_action_std,all,0.4643709659576416
raw,CQL,222,js_divergence,all,0.5709815226704393
raw,CQL,222,sharpe,all,0.6237153503099772
raw,CQL,222,sharpe_regime,bull,0.7325654516145176
raw,CQL,222,sharpe_regime,bear,0.3710173569190136
raw,CQL,222,sharpe_regime,crisis,1.865401154539066
raw,CQL,222,sharpe_year,2021,1.609257424026438
raw,CQL,222,sharpe_year,2022,-1.2903894096500823
raw,CQL,222,sharpe_year,2023,1.330740347380981
raw,CQL,222,sharpe_year,2024,1.8384609079953709
auto,BC,20260814,divergence,all,0.06523802876472473
auto,BC,20260814,corr_behavior,all,0.9010377037589353
auto,BC,20260814,action_std,all,0.1798127144575119
auto,BC,20260814,behavior_action_std,all,0.4643709659576416
auto,BC,20260814,js_divergence,all,0.4243434116663076
auto,BC,20260814,sharpe,all,0.5032951982001432
auto,BC,20260814,sharpe_regime,bull,0.2684971877454569
auto,BC,20260814,sharpe_regime,bear,0.9643277940294438
auto,BC,20260814,sharpe_regime,crisis,2.6400678256296364
auto,BC,20260814,sharpe_year,2021,1.9124551102346319
auto,BC,20260814,sharpe_year,2022,-0.2608330750916326
auto,BC,20260814,sharpe_year,2023,0.2140669148175771
auto,BC,20260814,sharpe_year,2024,0.9537243943916872
auto,BC,111,divergence,all,0.053622230887413025
auto,BC,111,corr_behavior,all,0.9298685979092501
auto,BC,111,action_std,all,0.17252513766288757
auto,BC,111,behavior_action_std,all,0.4643709659576416
auto,BC,111,js_divergence,all,0.42686691865864806
auto,BC,111,sharpe,all,0.7472665621535737
auto,BC,111,sharpe_regime,bull,0.5514874835592857
auto,BC,111,sharpe_regime,bear,1.173075552365139
auto,BC,111,sharpe_regime,crisis,3.598990403485661
auto,BC,111,sharpe_year,2021,2.1805192602139223
auto,BC,111,sharpe_year,2022,-0.1599761397719908
auto,BC,111,sharpe_year,2023,0.6034980247087322
auto,BC,111,sharpe_year,2024,1.5823044161793767
auto,BC,222,divergence,all,0.04973113536834717
auto,BC,222,corr_behavior,all,0.9391737104006643
auto,BC,222,action_std,all,0.17495617270469666
auto,BC,222,behavior_action_std,all,0.4643709659576416
auto,BC,222,js_divergence,all,0.4214104890205414
auto,BC,222,sharpe,all,0.7510573538248014
auto,BC,222,sharpe_regime,bull,0.4948993593311552
auto,BC,222,sharpe_regime,bear,1.284050379212938
auto,BC,222,sharpe_regime,crisis,3.846502854318288
auto,BC,222,sharpe_year,2021,2.1727651518024853
auto,BC,222,sharpe_year,2022,0.07178043078606645
auto,BC,222,sharpe_year,2023,0.21140776520781224
auto,BC,222,sharpe_year,2024,1.3919939762299944
auto,A2C,20260814,divergence,all,0.9013558030128479
auto,A2C,20260814,corr_behavior,all,-0.3577959697436193
auto,A2C,20260814,action_std,all,0.8779705762863159
auto,A2C,20260814,behavior_action_std,all,0.4643709659576416
auto,A2C,20260814,js_divergence,all,0.530336288772909
auto,A2C,20260814,sharpe,all,0.5622569294156201
auto,A2C,20260814,sharpe_regime,bull,0.6355979951360748
auto,A2C,20260814,sharpe_regime,bear,0.5587318131658363
auto,A2C,20260814,sharpe_regime,crisis,-4.240311207914959
auto,A2C,20260814,sharpe_year,2021,-0.40813910857818775
auto,A2C,20260814,sharpe_year,2022,0.9033564246870357
auto,A2C,20260814,sharpe_year,2023,1.9885604934927918
auto,A2C,20260814,sharpe_year,2024,-0.3758522928209261
auto,A2C,111,divergence,all,0.21889713406562805
auto,A2C,111,corr_behavior,all,-0.27227139872899625
auto,A2C,111,action_std,all,0.1473466455936432
auto,A2C,111,behavior_action_std,all,0.4643709659576416
auto,A2C,111,js_divergence,all,0.4808009672964085
auto,A2C,111,sharpe,all,0.3062502551273123
auto,A2C,111,sharpe_regime,bull,0.7713369701825727
auto,A2C,111,sharpe_regime,bear,-0.5060610098532045
auto,A2C,111,sharpe_regime,crisis,1.2690936204390302
auto,A2C,111,sharpe_year,2021,-0.0772755620204706
auto,A2C,111,sharpe_year,2022,0.19130041366178785
auto,A2C,111,sharpe_year,2023,1.3017847856301987
auto,A2C,111,sharpe_year,2024,-0.03760654762369041
auto,A2C,222,divergence,all,0.48060908913612366
auto,A2C,222,corr_behavior,all,0.27223298400445817
auto,A2C,222,action_std,all,0.4481404423713684
auto,A2C,222,behavior_action_std,all,0.4643709659576416
auto,A2C,222,js_divergence,all,0.33811170740676144
auto,A2C,222,sharpe,all,0.8884143010654929
auto,A2C,222,sharpe_regime,bull,0.9403022958037102
auto,A2C,222,sharpe_regime,bear,0.9622700885800214
auto,A2C,222,sharpe_regime,crisis,4.7628737721265955
auto,A2C,222,sharpe_year,2021,2.24165916216628
auto,A2C,222,sharpe_year,2022,-0.45794181253175276
auto,A2C,222,sharpe_year,2023,1.7148141505773988
auto,A2C,222,sharpe_year,2024,2.012837193864906
auto,IQL,20260814,divergence,all,0.05913316830992699
auto,IQL,20260814,corr_behavior,all,0.9160552650125583
auto,IQL,20260814,action_std,all,0.16562753915786743
auto,IQL,20260814,behavior_action_std,all,0.4643709659576416
auto,IQL,20260814,js_divergence,all,0.4366144324070563
auto,IQL,20260814,sharpe,all,0.5561895731774952
auto,IQL,20260814,sharpe_regime,bull,0.2774613471484383
auto,IQL,20260814,sharpe_regime,bear,1.06012421781442
auto,IQL,20260814,sharpe_regime,crisis,3.4061010798458184
auto,IQL,20260814,sharpe_year,2021,1.980095802867347
auto,IQL,20260814,sharpe_year,2022,-0.10801313854241958
auto,IQL,20260814,sharpe_year,2023,0.3524217712640256
auto,IQL,20260814,sharpe_year,2024,1.1722996305055697
auto,IQL,111,divergence,all,0.056496161967515945
auto,IQL,111,corr_behavior,all,0.922246717792614
auto,IQL,111,action_std,all,0.1718319207429886
auto,IQL,111,behavior_action_std,all,0.4643709659576416
auto,IQL,111,js_divergence,all,0.4238361360397877
auto,IQL,111,sharpe,all,0.6863165496970671
auto,IQL,111,sharpe_regime,bull,0.5144482740404471
auto,IQL,111,sharpe_regime,bear,1.0465000963352118
auto,IQL,111,sharpe_regime,crisis,4.128764415072149
auto,IQL,111,sharpe_year,2021,2.194104673018979
auto,IQL,111,sharpe_year,2022,-0.19070674395943804
auto,IQL,111,sharpe_year,2023,0.5766395130570472
auto,IQL,111,sharpe_year,2024,1.4664371228562718
auto,IQL,222,divergence,all,0.06853894144296646
auto,IQL,222,corr_behavior,all,0.884191952957642
auto,IQL,222,action_std,all,0.14161884784698486
auto,IQL,222,behavior_action_std,all,0.4643709659576416
auto,IQL,222,js_divergence,all,0.48470771813329405
auto,IQL,222,sharpe,all,0.8025910686556637
auto,IQL,222,sharpe_regime,bull,0.5631242932003302
auto,IQL,222,sharpe_regime,bear,1.3672616117599032
auto,IQL,222,sharpe_regime,crisis,4.304438937053349
auto,IQL,222,sharpe_year,2021,1.9003497929704698
auto,IQL,222,sharpe_year,2022,0.06253167305762368
auto,IQL,222,sharpe_year,2023,0.3297555758571839
auto,IQL,222,sharpe_year,2024,1.3367366457752363
auto,CQL,20260814,divergence,all,0.8749708533287048
auto,CQL,20260814,corr_behavior,all,0.6346517122323871
auto,CQL,20260814,action_std,all,0.18741223216056824
auto,CQL,20260814,behavior_action_std,all,0.4643709659576416
auto,CQL,20260814,js_divergence,all,0.6609182816427466
auto,CQL,20260814,sharpe,all,0.8219013673605505
auto,CQL,20260814,sharpe_regime,bull,0.9635328405153286
auto,CQL,20260814,sharpe_regime,bear,0.5670019582268438
auto,CQL,20260814,sharpe_regime,crisis,0.8382194330211152
auto,CQL,20260814,sharpe_year,2021,1.887804381116583
auto,CQL,20260814,sharpe_year,2022,-0.8953388107977018
auto,CQL,20260814,sharpe_year,2023,1.6812781549657323
auto,CQL,20260814,sharpe_year,2024,1.7999872673934652
auto,CQL,111,divergence,all,0.6437631249427795
auto,CQL,111,corr_behavior,all,0.7796100622616153
auto,CQL,111,action_std,all,0.4677000045776367
auto,CQL,111,behavior_action_std,all,0.4643709659576416
auto,CQL,111,js_divergence,all,0.4598352434099821
auto,CQL,111,sharpe,all,0.6540189232930949
auto,CQL,111,sharpe_regime,bull,0.713582454778977
auto,CQL,111,sharpe_regime,bear,0.5178957491229575
auto,CQL,111,sharpe_regime,crisis,2.7198561157865915
auto,CQL,111,sharpe_year,2021,1.5724266190134875
auto,CQL,111,sharpe_year,2022,-1.1080417934698663
auto,CQL,111,sharpe_year,2023,1.2290468613370942
auto,CQL,111,sharpe_year,2024,1.9151427470810898
auto,CQL,222,divergence,all,0.876181423664093
auto,CQL,222,corr_behavior,all,0.6385298982941933
auto,CQL,222,action_std,all,0.1768842488527298
auto,CQL,222,behavior_action_std,all,0.4643709659576416
auto,CQL,222,js_divergence,all,0.6632221547215137
auto,CQL,222,sharpe,all,0.8291154210147716
auto,CQL,222,sharpe_regime,bull,0.9504283684717736
auto,CQL,222,sharpe_regime,bear,0.6164322689103856
auto,CQL,222,sharpe_regime,crisis,0.4494594932626696
auto,CQL,222,sharpe_year,2021,1.887944165335
auto,CQL,222,sharpe_year,2022,-0.8714669689216569
auto,CQL,222,sharpe_year,2023,1.6673286283485518
auto,CQL,222,sharpe_year,2024,1.7953713585120656
predictive,BC,20260814,divergence,all,0.04581453278660774
predictive,BC,20260814,corr_behavior,all,0.9519782714415834
predictive,BC,20260814,action_std,all,0.17224983870983124
predictive,BC,20260814,behavior_action_std,all,0.4643709659576416
predictive,BC,20260814,js_divergence,all,0.4223525741743521
predictive,BC,20260814,sharpe,all,0.6399445352763349
predictive,BC,20260814,sharpe_regime,bull,0.3466133480929005
predictive,BC,20260814,sharpe_regime,bear,1.2066899376890585
predictive,BC,20260814,sharpe_regime,crisis,2.665074997478197
predictive,BC,20260814,sharpe_year,2021,2.063764672911812
predictive,BC,20260814,sharpe_year,2022,-0.07430984500952069
predictive,BC,20260814,sharpe_year,2023,0.4428292053062782
predictive,BC,20260814,sharpe_year,2024,1.1959020114401895
predictive,BC,111,divergence,all,0.04766008257865906
predictive,BC,111,corr_behavior,all,0.9477805859590992
predictive,BC,111,action_std,all,0.18957462906837463
predictive,BC,111,behavior_action_std,all,0.4643709659576416
predictive,BC,111,js_divergence,all,0.3966610791420787
predictive,BC,111,sharpe,all,0.635548885623731
predictive,BC,111,sharpe_regime,bull,0.357856421861058
predictive,BC,111,sharpe_regime,bear,1.17959276625141
predictive,BC,111,sharpe_regime,crisis,2.9650363245438385
predictive,BC,111,sharpe_year,2021,2.0945628761015764
predictive,BC,111,sharpe_year,2022,-0.1483153639503356
predictive,BC,111,sharpe_year,2023,0.5103870525777227
predictive,BC,111,sharpe_year,2024,1.2831048630256627
predictive,BC,222,divergence,all,0.040022581815719604
predictive,BC,222,corr_behavior,all,0.9626573588735037
predictive,BC,222,action_std,all,0.1862558126449585
predictive,BC,222,behavior_action_std,all,0.4643709659576416
predictive,BC,222,js_divergence,all,0.4011757228173463
predictive,BC,222,sharpe,all,0.6096285713453664
predictive,BC,222,sharpe_regime,bull,0.38643624721804243
predictive,BC,222,sharpe_regime,bear,1.0522420245817217
predictive,BC,222,sharpe_regime,crisis,2.986479366473282
predictive,BC,222,sharpe_year,2021,2.0463495947074213
predictive,BC,222,sharpe_year,2022,-0.21759455505648662
predictive,BC,222,sharpe_year,2023,0.3469015671330364
predictive,BC,222,sharpe_year,2024,1.2763923665409
predictive,A2C,20260814,divergence,all,0.280809611082077
predictive,A2C,20260814,corr_behavior,all,0.8149331446659824
predictive,A2C,20260814,action_std,all,0.3602696657180786
predictive,A2C,20260814,behavior_action_std,all,0.4643709659576416
predictive,A2C,20260814,js_divergence,all,0.3382951522937808
predictive,A2C,20260814,sharpe,all,0.5635698057724776
predictive,A2C,20260814,sharpe_regime,bull,0.5290665894476343
predictive,A2C,20260814,sharpe_regime,bear,0.7016346475729038
predictive,A2C,20260814,sharpe_regime,crisis,2.6204076608389237
predictive,A2C,20260814,sharpe_year,2021,2.060505719825421
predictive,A2C,20260814,sharpe_year,2022,-0.7820513960940757
predictive,A2C,20260814,sharpe_year,2023,1.082317674896303
predictive,A2C,20260814,sharpe_year,2024,1.4756115732687523
predictive,A2C,111,divergence,all,0.17141439020633698
predictive,A2C,111,corr_behavior,all,-0.304550767248584
predictive,A2C,111,action_std,all,0.057581160217523575
predictive,A2C,111,behavior_action_std,all,0.4643709659576416
predictive,A2C,111,js_divergence,all,0.6226141653291575
predictive,A2C,111,sharpe,all,0.6344231961213804
predictive,A2C,111,sharpe_regime,bull,0.8676460621133418
predictive,A2C,111,sharpe_regime,bear,0.6032260887171207
predictive,A2C,111,sharpe_regime,crisis,1.0290838456311537
predictive,A2C,111,sharpe_year,2021,1.2404727749420608
predictive,A2C,111,sharpe_year,2022,0.7603575106638435
predictive,A2C,111,sharpe_year,2023,1.0762323526844633
predictive,A2C,111,sharpe_year,2024,-0.1389387582677219
predictive,A2C,222,divergence,all,0.137944757938385
predictive,A2C,222,corr_behavior,all,0.23261633505393012
predictive,A2C,222,action_std,all,0.08756774663925171
predictive,A2C,222,behavior_action_std,all,0.4643709659576416
predictive,A2C,222,js_divergence,all,0.5858231125836246
predictive,A2C,222,sharpe,all,0.7445339222925645
predictive,A2C,222,sharpe_regime,bull,0.9235021608874054
predictive,A2C,222,sharpe_regime,bear,0.8242330989989005
predictive,A2C,222,sharpe_regime,crisis,-2.261947641028122
predictive,A2C,222,sharpe_year,2021,1.7078218843833568
predictive,A2C,222,sharpe_year,2022,0.10421553391051389
predictive,A2C,222,sharpe_year,2023,1.027874975494655
predictive,A2C,222,sharpe_year,2024,2.32356369847646
predictive,IQL,20260814,divergence,all,0.04755713790655136
predictive,IQL,20260814,corr_behavior,all,0.9475936274610699
predictive,IQL,20260814,action_std,all,0.16964839398860931
predictive,IQL,20260814,behavior_action_std,all,0.4643709659576416
predictive,IQL,20260814,js_divergence,all,0.4230900188605881
predictive,IQL,20260814,sharpe,all,0.6430685440234303
predictive,IQL,20260814,sharpe_regime,bull,0.40249369717187483
predictive,IQL,20260814,sharpe_regime,bear,1.1070615571099742
predictive,IQL,20260814,sharpe_regime,crisis,3.0066303328752237
predictive,IQL,20260814,sharpe_year,2021,2.014234735886715
predictive,IQL,20260814,sharpe_year,2022,-0.13410705650495172
predictive,IQL,20260814,sharpe_year,2023,0.5751080648120179
predictive,IQL,20260814,sharpe_year,2024,1.2790742118887157
predictive,IQL,111,divergence,all,0.06908883899450302
predictive,IQL,111,corr_behavior,all,0.9261104502288448
predictive,IQL,111,action_std,all,0.22392638027668
predictive,IQL,111,behavior_action_std,all,0.4643709659576416
predictive,IQL,111,js_divergence,all,0.34617343531245304
predictive,IQL,111,sharpe,all,0.6249365027343784
predictive,IQL,111,sharpe_regime,bull,0.2876921506322409
predictive,IQL,111,sharpe_regime,bear,1.2768556029702085
predictive,IQL,111,sharpe_regime,crisis,3.53073934061849
predictive,IQL,111,sharpe_year,2021,1.8834354634916302
predictive,IQL,111,sharpe_year,2022,-0.04858228342751255
predictive,IQL,111,sharpe_year,2023,0.3040827409891357
predictive,IQL,111,sharpe_year,2024,1.2719654358842913
predictive,IQL,222,divergence,all,0.041457775980234146
predictive,IQL,222,corr_behavior,all,0.960586303760307
predictive,IQL,222,action_std,all,0.1893230676651001
predictive,IQL,222,behavior_action_std,all,0.4643709659576416
predictive,IQL,222,js_divergence,all,0.3916363332936779
predictive,IQL,222,sharpe,all,0.6093260208198397
predictive,IQL,222,sharpe_regime,bull,0.38578709190380334
predictive,IQL,222,sharpe_regime,bear,1.0535768938517562
predictive,IQL,222,sharpe_regime,crisis,3.0003722410323954
predictive,IQL,222,sharpe_year,2021,2.07584132594178
predictive,IQL,222,sharpe_year,2022,-0.21640585393072276
predictive,IQL,222,sharpe_year,2023,0.3155085777699865
predictive,IQL,222,sharpe_year,2024,1.2805615498923637
predictive,CQL,20260814,divergence,all,0.7427482008934021
predictive,CQL,20260814,corr_behavior,all,0.742990354407864
predictive,CQL,20260814,action_std,all,0.39281243085861206
predictive,CQL,20260814,behavior_action_std,all,0.4643709659576416
predictive,CQL,20260814,js_divergence,all,0.5412383072401358
predictive,CQL,20260814,sharpe,all,0.6580204392402828
predictive,CQL,20260814,sharpe_regime,bull,0.8240208557646765
predictive,CQL,20260814,sharpe_regime,bear,0.30124735515591317
predictive,CQL,20260814,sharpe_regime,crisis,2.671972930466936
predictive,CQL,20260814,sharpe_year,2021,1.6811536546468264
predictive,CQL,20260814,sharpe_year,2022,-1.2682223649921873
predictive,CQL,20260814,sharpe_year,2023,1.5146199894841121
predictive,CQL,20260814,sharpe_year,2024,1.9027460499196902
predictive,CQL,111,divergence,all,0.49071723222732544
predictive,CQL,111,corr_behavior,all,0.8536799942074287
predictive,CQL,111,action_std,all,0.4656543433666229
predictive,CQL,111,behavior_action_std,all,0.4643709659576416
predictive,CQL,111,js_divergence,all,0.3521351860931551
predictive,CQL,111,sharpe,all,0.5497662111253901
predictive,CQL,111,sharpe_regime,bull,0.6587347328425947
predictive,CQL,111,sharpe_regime,bear,0.35711377262964394
predictive,CQL,111,sharpe_regime,crisis,2.2424917509215296
predictive,CQL,111,sharpe_year,2021,1.7505510034603138
predictive,CQL,111,sharpe_year,2022,-1.142928359862588
predictive,CQL,111,sharpe_year,2023,1.1594118372271254
predictive,CQL,111,sharpe_year,2024,1.8354254161920882
predictive,CQL,222,divergence,all,0.9129838943481445
predictive,CQL,222,corr_behavior,all,0.5882519711823098
predictive,CQL,222,action_std,all,0.10431083291769028
predictive,CQL,222,behavior_action_std,all,0.4643709659576416
predictive,CQL,222,js_divergence,all,0.7068444324355152
predictive,CQL,222,sharpe,all,0.7937643813698395
predictive,CQL,222,sharpe_regime,bull,0.9500506189859675
predictive,CQL,222,sharpe_regime,bear,0.5481898780772256
predictive,CQL,222,sharpe_regime,crisis,-0.8069838492261977
predictive,CQL,222,sharpe_year,2021,1.9165984081904992
predictive,CQL,222,sharpe_year,2022,-0.9441219692777557
predictive,CQL,222,sharpe_year,2023,1.7438700624138441
predictive,CQL,222,sharpe_year,2024,1.8035074398689646
contrastive,BC,20260814,divergence,all,0.06563583016395569
contrastive,BC,20260814,corr_behavior,all,0.8981389982053128
contrastive,BC,20260814,action_std,all,0.16763658821582794
contrastive,BC,20260814,behavior_action_std,all,0.4643709659576416
contrastive,BC,20260814,js_divergence,all,0.431519653566945
contrastive,BC,20260814,sharpe,all,0.6036568627300597
contrastive,BC,20260814,sharpe_regime,bull,0.4070266450095488
contrastive,BC,20260814,sharpe_regime,bear,0.9522195157781823
contrastive,BC,20260814,sharpe_regime,crisis,4.520297445807675
contrastive,BC,20260814,sharpe_year,2021,2.1455134020277855
contrastive,BC,20260814,sharpe_year,2022,-0.2252694691810488
contrastive,BC,20260814,sharpe_year,2023,0.5773473979244658
contrastive,BC,20260814,sharpe_year,2024,1.1392312674913925
contrastive,BC,111,divergence,all,0.06323649734258652
contrastive,BC,111,corr_behavior,all,0.8997962578021821
contrastive,BC,111,action_std,all,0.1628451645374298
contrastive,BC,111,behavior_action_std,all,0.4643709659576416
contrastive,BC,111,js_divergence,all,0.45136731099363825
contrastive,BC,111,sharpe,all,0.7236840446292794
contrastive,BC,111,sharpe_regime,bull,0.5921086800334574
contrastive,BC,111,sharpe_regime,bear,0.9695033546828422
contrastive,BC,111,sharpe_regime,crisis,4.710890211901859
contrastive,BC,111,sharpe_year,2021,2.2402100068619433
contrastive,BC,111,sharpe_year,2022,-0.31878350998317523
contrastive,BC,111,sharpe_year,2023,0.831876882710375
contrastive,BC,111,sharpe_year,2024,1.411064880563849
contrastive,BC,222,divergence,all,0.060998253524303436
contrastive,BC,222,corr_behavior,all,0.9195414847354031
contrastive,BC,222,action_std,all,0.17394626140594482
contrastive,BC,222,behavior_action_std,all,0.4643709659576416
contrastive,BC,222,js_divergence,all,0.4310217726483013
contrastive,BC,222,sharpe,all,0.47406738263670284
contrastive,BC,222,sharpe_regime,bull,0.44851579774765343
contrastive,BC,222,sharpe_regime,bear,0.49243963009410685
contrastive,BC,222,sharpe_regime,crisis,4.705428656379541
contrastive,BC,222,sharpe_year,2021,2.0047180647890155
contrastive,BC,222,sharpe_year,2022,-0.6503802748438435
contrastive,BC,222,sharpe_year,2023,0.2641737421158869
contrastive,BC,222,sharpe_year,2024,1.3660160657381466
contrastive,A2C,20260814,divergence,all,0.8997396230697632
contrastive,A2C,20260814,corr_behavior,all,-0.3517063090197112
contrastive,A2C,20260814,action_std,all,0.8754245638847351
contrastive,A2C,20260814,behavior_action_std,all,0.4643709659576416
contrastive,A2C,20260814,js_divergence,all,0.5225010312191881
contrastive,A2C,20260814,sharpe,all,0.6481126996191154
contrastive,A2C,20260814,sharpe_regime,bull,1.0080881664457664
contrastive,A2C,20260814,sharpe_regime,bear,0.059717361394534874
contrastive,A2C,20260814,sharpe_regime,crisis,1.8177807971884317
contrastive,A2C,20260814,sharpe_year,2021,0.3476581145759565
contrastive,A2C,20260814,sharpe_year,2022,0.4098767569467826
contrastive,A2C,20260814,sharpe_year,2023,1.2280475457839493
contrastive,A2C,20260814,sharpe_year,2024,1.0739517431607832
contrastive,A2C,111,divergence,all,0.9951610565185547
contrastive,A2C,111,corr_behavior,all,-0.44839284378870803
contrastive,A2C,111,action_std,all,0.9012134075164795
contrastive,A2C,111,behavior_action_std,all,0.4643709659576416
contrastive,A2C,111,js_divergence,all,0.6340973409518466
contrastive,A2C,111,sharpe,all,0.7049984673733752
contrastive,A2C,111,sharpe_regime,bull,1.135158035265551
contrastive,A2C,111,sharpe_regime,bear,-0.07940071136499255
contrastive,A2C,111,sharpe_regime,crisis,0.9461166015348657
contrastive,A2C,111,sharpe_year,2021,0.5921263338186206
contrastive,A2C,111,sharpe_year,2022,0.29037844266377993
contrastive,A2C,111,sharpe_year,2023,2.0825950011693712
contrastive,A2C,111,sharpe_year,2024,0.40485427413905245
contrastive,A2C,222,divergence,all,0.725853681564331
contrastive,A2C,222,corr_behavior,all,0.039588116209095026
contrastive,A2C,222,action_std,all,0.7574155330657959
contrastive,A2C,222,behavior_action_std,all,0.4643709659576416
contrastive,A2C,222,js_divergence,all,0.4124028283237874
contrastive,A2C,222,sharpe,all,1.26496819215275
contrastive,A2C,222,sharpe_regime,bull,1.980848472021748
contrastive,A2C,222,sharpe_regime,bear,0.06292947464567553
contrastive,A2C,222,sharpe_regime,crisis,1.6226948287436465
contrastive,A2C,222,sharpe_year,2021,2.0548821163749302
contrastive,A2C,222,sharpe_year,2022,0.4498615728417425
contrastive,A2C,222,sharpe_year,2023,1.8338748702355823
contrastive,A2C,222,sharpe_year,2024,1.7385393216462446
contrastive,IQL,20260814,divergence,all,0.06189136579632759
contrastive,IQL,20260814,corr_behavior,all,0.9093906161720617
contrastive,IQL,20260814,action_std,all,0.16623641550540924
contrastive,IQL,20260814,behavior_action_std,all,0.4643709659576416
contrastive,IQL,20260814,js_divergence,all,0.4333229859848117
contrastive,IQL,20260814,sharpe,all,0.6076620705654576
contrastive,IQL,20260814,sharpe_regime,bull,0.4445723985942376
contrastive,IQL,20260814,sharpe_regime,bear,0.8845830847816544
contrastive,IQL,20260814,sharpe_regime,crisis,4.703110969211256
contrastive,IQL,20260814,sharpe_year,2021,2.108159055067533
contrastive,IQL,20260814,sharpe_year,2022,-0.3057571753444077
contrastive,IQL,20260814,sharpe_year,2023,0.5705286860840836
contrastive,IQL,20260814,sharpe_year,2024,1.3873086219178734
contrastive,IQL,111,divergence,all,0.06095714867115021
contrastive,IQL,111,corr_behavior,all,0.9069638734006124
contrastive,IQL,111,action_std,all,0.16433952748775482
contrastive,IQL,111,behavior_action_std,all,0.4643709659576416
contrastive,IQL,111,js_divergence,all,0.44391063598033687
contrastive,IQL,111,sharpe,all,0.6725699236571909
contrastive,IQL,111,sharpe_regime,bull,0.5527579602324628
contrastive,IQL,111,sharpe_regime,bear,0.8968853258160523
contrastive,IQL,111,sharpe_regime,crisis,5.1036053225012585
contrastive,IQL,111,sharpe_year,2021,2.2094945705023834
contrastive,IQL,111,sharpe_year,2022,-0.32283447983897
contrastive,IQL,111,sharpe_year,2023,0.8104316769721891
contrastive,IQL,111,sharpe_year,2024,1.405955038943528
contrastive,IQL,222,divergence,all,0.05723750963807106
contrastive,IQL,222,corr_behavior,all,0.9243606134747504
contrastive,IQL,222,action_std,all,0.1809566468000412
contrastive,IQL,222,behavior_action_std,all,0.4643709659576416
contrastive,IQL,222,js_divergence,all,0.41494391895439187
contrastive,IQL,222,sharpe,all,0.57002061542369
contrastive,IQL,222,sharpe_regime,bull,0.3603509975239335
contrastive,IQL,222,sharpe_regime,bear,0.9644584212946629
contrastive,IQL,222,sharpe_regime,crisis,4.207717096130594
contrastive,IQL,222,sharpe_year,2021,1.9243506277227007
contrastive,IQL,222,sharpe_year,2022,-0.32357068375893133
contrastive,IQL,222,sharpe_year,2023,0.33798098994559983
contrastive,IQL,222,sharpe_year,2024,1.2039388655581953
contrastive,CQL,20260814,divergence,all,0.9279344081878662
contrastive,CQL,20260814,corr_behavior,all,0.5401743766431852
contrastive,CQL,20260814,action_std,all,0.052952662110328674
contrastive,CQL,20260814,behavior_action_std,all,0.4643709659576416
contrastive,CQL,20260814,js_divergence,all,0.7344346129234859
contrastive,CQL,20260814,sharpe,all,0.801706623185381
contrastive,CQL,20260814,sharpe_regime,bull,0.9407772767286807
contrastive,CQL,20260814,sharpe_regime,bear,0.6427696329297906
contrastive,CQL,20260814,sharpe_regime,crisis,-1.3086723583834767
contrastive,CQL,20260814,sharpe_year,2021,1.8964017286208927
contrastive,CQL,20260814,sharpe_year,2022,-0.7886647429790796
contrastive,CQL,20260814,sharpe_year,2023,1.7547397854558866
contrastive,CQL,20260814,sharpe_year,2024,1.780595457809023
contrastive,CQL,111,divergence,all,0.7279686331748962
contrastive,CQL,111,corr_behavior,all,0.7239783528087448
contrastive,CQL,111,action_std,all,0.37067610025405884
contrastive,CQL,111,behavior_action_std,all,0.4643709659576416
contrastive,CQL,111,js_divergence,all,0.5387644301435371
contrastive,CQL,111,sharpe,all,0.6365704914029018
contrastive,CQL,111,sharpe_regime,bull,0.6637683850307771
contrastive,CQL,111,sharpe_regime,bear,0.5819202351101419
contrastive,CQL,111,sharpe_regime,crisis,5.835406399118748
contrastive,CQL,111,sharpe_year,2021,1.5101186840903889
contrastive,CQL,111,sharpe_year,2022,-1.1186008959972882
contrastive,CQL,111,sharpe_year,2023,1.4781796925230732
contrastive,CQL,111,sharpe_year,2024,1.8487124667607118
contrastive,CQL,222,divergence,all,0.8933469653129578
contrastive,CQL,222,corr_behavior,all,0.5826790529064468
contrastive,CQL,222,action_std,all,0.13979293406009674
contrastive,CQL,222,behavior_action_std,all,0.4643709659576416
contrastive,CQL,222,js_divergence,all,0.6823805352944062
contrastive,CQL,222,sharpe,all,0.7864634163553438
contrastive,CQL,222,sharpe_regime,bull,0.9052338790561875
contrastive,CQL,222,sharpe_regime,bear,0.6271504288924338
contrastive,CQL,222,sharpe_regime,crisis,-0.438992926110177
contrastive,CQL,222,sharpe_year,2021,1.8247085884874694
contrastive,CQL,222,sharpe_year,2022,-0.8287087135010053
contrastive,CQL,222,sharpe_year,2023,1.7759760518095344
contrastive,CQL,222,sharpe_year,2024,1.7428475889117356
