market,policy,ann_return,ann_vol,return,sharpe,maxdd
spy,buy_and_hold,0.12930181622505188,0.16478828570493304,0.5862336158752441,0.7842636812334275,-0.25335008533837655
spy,adaptive,0.07133542001247406,0.07691662345720347,0.31345129013061523,0.9269767271468287,-0.11195431226221664
spy,regime_constrained,0.0545734204351902,0.06638620418902405,0.23223698139190674,0.8216505495257045,-0.10706891918172101
spy,floor_50,0.07053526490926743,0.0860846040995657,0.3053675889968872,0.8189636236352321,-0.1341641444416659
spy,hybrid,0.09560073912143707,0.10621042515494226,0.43146073818206787,0.8996590944654791,-0.15909682492851673
spy,const_0.0,0.0,0.0,0.0,,0.0
spy,const_0.1,0.012930181808769703,0.01647882930970768,0.05234670639038086,0.7842636824995749,-0.026890891964644115
spy,const_0.2,0.025860363617539406,0.03295765861941536,0.10623514652252197,0.7842636824995749,-0.05346851589585955
spy,const_0.3,0.03879054635763168,0.04943649162519492,0.1616220474243164,0.7842636811171858,-0.07971937974542442
spy,const_0.4,0.05172072723507881,0.06591531723883072,0.2184540033340454,0.7842636824995749,-0.10563072753114189
spy,const_0.5,0.06465090811252594,0.08239414285246652,0.2766789197921753,0.7842636812334275,-0.13119057691082825
spy,const_0.6,0.07758109271526337,0.09887298325038985,0.3362361192703247,0.7842636811171858,-0.15638769945470588
spy,const_0.7,0.0905112624168396,0.11535179407973811,0.39704811573028564,0.7842636677512927,-0.181211567540164
spy,const_0.8,0.10344145447015762,0.13183063447766144,0.45904791355133057,0.7842636824995749,-0.20565248201497222
spy,const_0.9,0.11637162417173386,0.14830945269915347,0.522141695022583,0.7842636799560592,-0.22970140212994328
spy,const_1.0,0.12930181622505188,0.16478828570493304,0.5862336158752441,0.7842636812334275,-0.25335008533837655
spy,blend_0.0,0.07133542080500822,0.07691662518457355,0.3134528998297932,0.9269767302190942,-0.11195431151347712
spy,blend_0.2,0.08292869947583235,0.09394148410472279,0.36763089279467387,0.8823304415297871,-0.13974903132199423
spy,blend_0.4,0.09452197814665644,0.11137019925698123,0.4221382200177157,0.8482964133438171,-0.16833182339508101
spy,blend_0.6,0.10611525681748055,0.1290392334525032,0.47683790260606407,0.821939554198629,-0.1965263128483289
spy,blend_0.8,0.11770853548830466,0.14686187353499086,0.5315865582777421,0.8010925955200503,-0.22488812735520525
spy,blend_1.0,0.12930181415912873,0.1647882874088258,0.5862349215934146,0.7842636811162181,-0.2533500846714889
csi300,buy_and_hold,-0.06598842144012451,0.18751019808321023,-0.27475494146347046,-0.35173752922695783,-0.4560261906664905
csi300,adaptive,-0.033307820558547974,0.09356447783024839,-0.13488805294036865,-0.3558042193156804,-0.253964172914806
csi300,regime_constrained,-0.03316948935389519,0.09259148690672762,-0.13412755727767944,-0.35804978642395807,-0.252104157765065
csi300,floor_50,-0.032950252294540405,0.09446517358771382,-0.1339801549911499,-0.34862842963024077,-0.2535297196508256
csi300,hybrid,-0.04419812932610512,0.14796712252123706,-0.1910005807876587,-0.29854824931733565,-0.3645508327536451
csi300,const_0.0,0.0,0.0,0.0,,0.0
csi300,const_0.1,-0.006598843261599541,0.018751019069106648,-0.025713324546813965,-0.35173750156612404,-0.05491908632695908
csi300,const_0.2,-0.013197686523199081,0.037502038138213296,-0.05204957723617554,-0.35173750156612404,-0.10769378715955713
csi300,const_0.3,-0.01979653164744377,0.05625306090339183,-0.07891690731048584,-0.35173752961716226,-0.15834413620280474
csi300,const_0.4,-0.026395373046398163,0.07500407627642659,-0.10623013973236084,-0.35173750156612404,-0.20689501332468563
csi300,const_0.5,-0.032994210720062256,0.09375509904160512,-0.13390421867370605,-0.35173752922695783,-0.2533758270512597
csi300,const_0.6,-0.03959306329488754,0.11250612180678365,-0.1618524193763733,-0.35173752961716226,-0.29782010879229415
csi300,const_0.7,-0.04619191214442253,0.1312571371798184,-0.18999063968658447,-0.35173753571728766,-0.3402651015195872
csi300,const_0.8,-0.052790746092796326,0.15000815255285319,-0.21824032068252563,-0.35173750156612404,-0.3807515309794177
csi300,const_0.9,-0.05938958749175072,0.16875916792588794,-0.2465190887451172,-0.35173756509882514,-0.4193230876245282
csi300,const_1.0,-0.06598842144012451,0.18751019808321023,-0.27475494146347046,-0.35173752922695783,-0.4560261906664905
csi300,blend_0.0,-0.033307824703321505,0.09356447233634825,-0.1348883047043511,-0.3558042143087331,-0.25396417360380785
csi300,blend_0.2,-0.03984394547912585,0.1123469193506995,-0.16260223940827645,-0.35446793815879124,-0.29822832171253133
csi300,blend_0.4,-0.04638006625493018,0.13113415374443468,-0.19052617121710547,-0.35350156180491377,-0.34052847891577953
csi300,blend_0.6,-0.05291618703073449,0.14992437578862433,-0.21857842248887593,-0.3527703561899718,-0.3809011241257103
csi300,blend_0.8,-0.059452307806538846,0.16871658726874306,-0.2466796768104238,-0.35219787043078554,-0.4193860866288135
csi300,blend_1.0,-0.06598842858234319,0.18751019004384079,-0.2747533094177378,-0.3517375243493141,-0.4560261885700214
nifty,buy_and_hold,0.14723065495491028,0.14631627940629421,0.6936826705932617,1.0057321233074072,-0.17229756605993718
nifty,adaptive,0.06449650228023529,0.06206430602122481,0.27320313453674316,1.038654239109178,-0.08010376187315493
nifty,regime_constrained,0.03404940664768219,0.03470863571384547,0.13783526420593262,0.9805025188161295,-0.0470823785062876
nifty,floor_50,0.08091990649700165,0.0767143226586926,0.35121798515319824,1.0542790638221402,-0.08680019511395276
nifty,hybrid,0.12361355870962143,0.10784779239179523,0.5756702423095703,1.1455961248679085,-0.10920841167905393
nifty,const_0.0,0.0,0.0,0.0,,0.0
nifty,const_0.1,0.014723066240549088,0.014631627755825828,0.05805349349975586,1.0057321185775778,-0.017602205920336567
nifty,const_0.2,0.029446132481098175,0.029263255511651657,0.11854910850524902,1.0057321185775778,-0.03514057580203811
nifty,const_0.3,0.04416919872164726,0.0438948860395314,0.18152081966400146,1.0057321376400532,-0.052607689251795486
nifty,const_0.4,0.05889226496219635,0.058526511023303314,0.24700617790222168,1.0057321185775778,-0.06999630654977984
nifty,const_0.5,0.07361532747745514,0.07315813970314711,0.3150215148925781,1.0057321233074072,-0.08729936777927227
nifty,const_0.6,0.08833839744329453,0.0877897720790628,0.38559603691101074,1.0057321376400532,-0.1045100056879249
nifty,const_0.7,0.10306145995855331,0.10242139706283471,0.45874083042144775,1.0057321323613577,-0.12162153280381849
nifty,const_0.8,0.1177845299243927,0.11705302204660663,0.5344688892364502,1.0057321185775778,-0.13862746971734874
nifty,const_0.9,0.1325075924396515,0.13168463963823476,0.6127845048904419,1.005732119881628,-0.15552150272932286
nifty,const_1.0,0.14723065495491028,0.14631627940629421,0.6936826705932617,1.0057321233074072,-0.17229756605993718
nifty,blend_0.0,0.06449650599928759,0.06206430496664347,0.2732030011907396,1.038654253788685,-0.08010376082838266
nifty,blend_0.2,0.08104333657582477,0.07799265061468652,0.35133284432118983,1.038580931897202,-0.0985041099688494
nifty,blend_0.4,0.09759016715236198,0.0946252550426906,0.4324781257943,1.0308030885308577,-0.1169403868442126
nifty,blend_0.6,0.11413699772889915,0.11164781223544676,0.5166130836412854,1.0217695112999157,-0.13539570958528357
nifty,blend_0.8,0.13068382830543634,0.1289059300618344,0.6036989503032186,1.0132711185385632,-0.1538535122287632
nifty,blend_1.0,0.1472306588819735,0.14631627857599838,0.6936833675158252,1.0057321219939743,-0.1722975659807413
