axis,size,objective,n_seeds,cross_seed_cka,dir1_auc_mean,dir1_auc_std,mag_r2_mean,mag_r2_std,vol20_r2_mean,vol20_r2_std,regime_bacc_mean,regime_bacc_std,effective_rank_mean,effective_rank_std,supervised_sharpe_mean,supervised_sharpe_std
feature,4,auto,10,0.9771342264281379,0.5052318805874841,0.00741199447567482,0.05043277576669923,0.02622002169221029,0.2647874133250713,0.04959771451605591,0.851682977489429,0.03411396112271341,4.731805324554443,0.30550417893861764,0.7508329376882065,0.21575160262446896
feature,8,auto,10,0.9915671414799161,0.5077350734355044,0.018658715363061972,0.0044791381641600455,0.03803873753681466,0.024493730866164243,0.08048951728743925,0.6138224944676558,0.06120615829511292,4.837252902984619,0.07678774357358185,0.6739869760300128,0.45809047115332574
feature,12,auto,10,0.9921683510144551,0.5012739463601533,0.013167576599964247,-0.0033039388504979674,0.031016224580084507,0.029368763319841396,0.11886629514579045,0.6410665378407313,0.07933471019831681,4.863627338409424,0.13118692744557042,0.6581798798054438,0.4346293530999718
feature,16,auto,10,0.9894121726353963,0.5043706098339719,0.008835787961517906,-0.011783005585517425,0.029984507229046567,0.03751553993749307,0.08690749448941701,0.6292276356792486,0.06996241716984389,4.806013441085815,0.11119961577050708,0.679515319197021,0.28852661829303894
feature,24,auto,10,0.9880366073714362,0.5062256545338442,0.00989120714808332,0.02162892491022541,0.044401518885344715,-0.1839793103971957,0.15044166891453623,0.6241181273439338,0.010497756438342476,4.4854536056518555,0.05310187967319257,0.6820475873933401,0.25886827475851126
feature,32,auto,10,0.990024729569753,0.5145633780332055,0.014609030251199943,0.03183804218034464,0.022819125050808423,0.00832964544636956,0.08346715847705581,0.6736106865139123,0.07545756323546321,5.124139595031738,0.0930705161331925,0.7300986673590814,0.3033324546894645
feature,4,predictive,10,0.9227434542444017,0.4958540868454662,0.006253018703011069,0.060962977442136065,0.0198640467718105,0.39468505062552717,0.02925770535137021,0.8849586914103043,0.009767540156969658,2.4797420740127563,0.39596111737647205,0.8263789963760392,0.22618685690571178
feature,8,predictive,10,0.9642298234833612,0.5139715038314177,0.007474372155045151,-0.009253535824444136,0.033628624915444,0.05345898111598938,0.10749771250199305,0.5801497349884446,0.010417598080500488,2.6051143169403077,0.3339177490711676,0.7514648787087176,0.24074170421405097
feature,12,predictive,10,0.9519949052068922,0.5197553480204342,0.00898378233428725,-0.00430134072485675,0.04026298957323291,0.07232420106771617,0.0828334728264521,0.5835546900063029,0.011271166900401124,2.512974977493286,0.34159891678357535,0.7702981186295702,0.2417583617405473
feature,16,predictive,10,0.9712820238537259,0.5182563058748404,0.013573268852375727,-0.01033770180172432,0.03656147062456896,-0.0019320981787614877,0.14444117360666142,0.6059209607596705,0.06274248284959211,2.390940546989441,0.1719655720021438,0.8564312331944602,0.2648180302182397
feature,24,predictive,10,0.9567077199618021,0.5278380427841635,0.0065170390137962615,-0.0027544731474227315,0.02881234184974472,-0.13540680898484062,0.20513729679286438,0.6152578217094347,0.022747667391370886,2.9130213975906374,0.19066773558918754,0.6565536102701601,0.22867010961759782
feature,32,predictive,10,0.9639549255371094,0.5255507662835249,0.006912262997890492,-0.026048661225339664,0.05507993714960836,-0.062221025089608695,0.10207478862625305,0.618412673251383,0.02679563206654251,3.2090044021606445,0.2731239083226853,0.48141027548301263,0.4433391647699991
feature,4,contrastive,10,0.9811648766199748,0.5180850893997445,0.00849571231208848,0.03907027922982139,0.028443016996614324,0.1636710325017058,0.052121073122558086,0.858090809703713,0.012318444124344083,4.67689471244812,0.32639962050533866,0.9279044073119203,0.3591294953447525
feature,8,contrastive,10,0.9817664305369059,0.5058469029374202,0.013375952713067199,0.017870484527164665,0.03177035466626598,-0.006577673804011519,0.07484612956071965,0.8211026694897663,0.06821507646860549,5.113996171951294,0.19266044146145225,0.4865589936015916,0.46994676428202475
feature,12,contrastive,10,0.9792469408777025,0.5144264846743296,0.01470758935470068,0.020365459807763275,0.029379509634479835,0.06016337212222125,0.10353093042637286,0.7801916285787254,0.08705879306638212,5.043395090103149,0.244086699436551,0.8177286906358476,0.522622305563136
feature,16,contrastive,10,0.979769398106469,0.5179310344827586,0.010808296182965972,0.013223106285762209,0.03264522587205077,0.021023454868213963,0.09787436579643692,0.8054155957381763,0.055724542186314126,5.109813499450683,0.2521665147740949,0.9686879838395989,0.5539971199105065
feature,24,contrastive,10,0.9742755121654935,0.5244200989782887,0.02065874979581058,0.01896675537850766,0.02556134071357073,-0.15761488603155943,0.127278980491385,0.6260286260286261,0.05030281688884193,5.539427471160889,0.17548260025749296,1.0051443147148924,0.4957222135142214
feature,32,contrastive,10,0.9715684440400866,0.5185504469987228,0.007328949281689744,0.030276184536519292,0.018027820089568707,-0.04872030561652398,0.1235703086004983,0.6605853025207864,0.08600755781187702,5.996010971069336,0.21722117627364226,1.0077359111031696,0.2352241409642016
dim,4,auto,10,0.872531365023719,0.4973160121328225,0.008203984616821503,0.09549827522726548,0.0271663466806972,0.18683100636048566,0.09158713047475783,0.6913450106998495,0.14117404994967556,1.9180274724960327,0.17736774807018676,0.8033394513540232,0.13713629854455986
dim,8,auto,10,0.9581163512335883,0.48959610472541504,0.007754707295948896,0.11714720364090163,0.01375538616104294,0.20285378652023178,0.07666335033819177,0.6750740686224557,0.11256142822772161,2.3274085760116576,0.11529305862271783,0.7717439769525507,0.15830768003880233
dim,16,auto,10,0.9831960267490811,0.5019193007662835,0.012003389537337518,0.10573860264616763,0.021365326443633294,0.21222882773330767,0.06007430032589357,0.7614043033397871,0.1470187870954454,2.9786097764968873,0.07593257728414216,0.7722324892314756,0.1861058214269337
dim,32,auto,10,0.9872628821267022,0.5087986909323117,0.010530580798392771,0.07361996931775165,0.0223508114735444,0.20036921549871348,0.06154260849340677,0.6228751583590293,0.06232597344236759,3.7852126121520997,0.08476684165968285,0.861922662528731,0.26381484913999625
dim,64,auto,10,0.9907313876681858,0.5028951149425287,0.007365613028134748,0.04995716067031769,0.01856486414848012,0.12680915029390455,0.12348952170354605,0.619786606883381,0.07485135675593882,4.570095586776733,0.11045465180509711,0.86396820170638,0.18546700114441994
dim,128,auto,10,0.9915671414799161,0.5077350734355044,0.018658715363061972,0.0044791381641600455,0.03803873753681466,0.024493730866164243,0.08048951728743925,0.6138224944676558,0.06120615829511292,4.837252902984619,0.07678774357358185,0.6739869760300128,0.45809047115332574
dim,4,predictive,10,0.7398837049802144,0.5122210249042144,0.009664290196109534,0.11693522667656486,0.030197045435031364,0.2845843482912913,0.1119463258622374,0.6060383382964029,0.14110964463660147,1.749604094028473,0.2989338569163668,0.8041463307441106,0.09640347201185895
dim,8,predictive,10,0.8496079431639777,0.503287037037037,0.01146846007135622,0.10641264893581645,0.023617259282380298,0.31026942562530213,0.07181843476366588,0.7804785933818191,0.09253903008408253,2.121940577030182,0.38556324656949725,0.9689154433196748,0.19003980629707412
dim,16,predictive,10,0.9130993790096706,0.5060113346104727,0.011246691614903551,0.06861971174736209,0.016035577363238008,0.1920449081237118,0.08989677515260809,0.7653314814605137,0.1152182054547156,2.5327401876449587,0.32366522681116483,0.872443511162302,0.20921162603697435
dim,32,predictive,10,0.9565411885579427,0.5051081577266923,0.01309331102256986,0.05482469421111612,0.030481962999014692,0.1759549061960138,0.07164093154304337,0.7264317103026781,0.09398042821834116,2.4428273916244505,0.3184521073640769,0.7558330013254407,0.23220370153212375
dim,64,predictive,10,0.9748562455177308,0.5172768997445722,0.006815343026916097,0.027789368233146282,0.040414869865009334,0.1182413765226638,0.0522228812825912,0.5936177065209324,0.03172469857371468,2.3390228509902955,0.21489892676314112,0.8353482722830664,0.24310734216106644
dim,128,predictive,10,0.9642298234833612,0.5139715038314177,0.007474372155045151,-0.009253535824444136,0.033628624915444,0.05345898111598938,0.10749771250199305,0.5801497349884446,0.010417598080500488,2.6051143169403077,0.3339177490711676,0.7514648787087176,0.24074170421405097
dim,4,contrastive,10,0.8415266990661621,0.4982890325670498,0.0068843773942682054,0.09712218654971945,0.02556949444166566,0.15503654947566514,0.08306962758521211,0.539969378679056,0.1424471065860581,2.0388247847557066,0.27150230879565374,0.8327247400562967,0.07450957222164671
dim,8,contrastive,10,0.9095895581775242,0.501599217752235,0.00722905193600689,0.10126682059698573,0.03161483630215319,0.12145496976750603,0.15537039951907913,0.5926277345632184,0.1080228082642397,2.3069008588790894,0.1967439630265539,0.7216796177736804,0.1852345808336642
dim,16,contrastive,10,0.9468589398596022,0.5043793901660282,0.017873763884240525,0.08709145359292542,0.02185503820656565,0.16341315887794766,0.10556075257459585,0.7649172004010715,0.10656514021928568,2.94181170463562,0.2521307372185741,0.834062013494178,0.26586834976190626
dim,32,contrastive,10,0.9717937562200758,0.5002949393358876,0.010682984590686,0.06478014849586472,0.018711706115196507,0.16373162996245144,0.0662604055815005,0.8047260498873403,0.06762076559724178,3.3180386066436767,0.2024885207718623,0.7408545968948971,0.29222970157853473
dim,64,contrastive,10,0.9811885396639506,0.50737188697318,0.012428651134113494,0.05542652828988794,0.02337005871572472,0.1552773992746001,0.047695152848316553,0.8192638805542032,0.06311370109910364,3.8100818157196046,0.0731725235576664,0.6297117626051019,0.34264512749569254
dim,128,contrastive,10,0.9817664305369059,0.5058469029374202,0.013375952713067199,0.017870484527164665,0.03177035466626598,-0.006577673804011519,0.07484612956071965,0.8211026694897663,0.06821507646860549,5.113996171951294,0.19266044146145225,0.4865589936015916,0.46994676428202475
