market,policy,metric,value
spy,buy_and_hold,sharpe,0.7842636812334275
spy,buy_and_hold,return,0.5862336158752441
spy,buy_and_hold,maxdd,-0.25335008533837655
spy,buy_and_hold,exposure,1.0
spy,buy_and_hold,upside_capture,1.0
spy,buy_and_hold,downside_loss,1.0
spy,buy_and_hold,exposure_bull,1.0
spy,buy_and_hold,exposure_bear,1.0
spy,buy_and_hold,exposure_crisis,1.0
spy,adaptive,sharpe,0.9085029222349997
spy,adaptive,return,0.30885207653045654
spy,adaptive,maxdd,-0.11426387368762647
spy,adaptive,exposure,0.4748198390007019
spy,adaptive,upside_capture,0.47327175736427307
spy,adaptive,downside_loss,0.46292585134506226
spy,adaptive,exposure_bull,0.4791782796382904
spy,adaptive,exposure_bear,0.4625750780105591
spy,adaptive,exposure_crisis,0.4085081219673157
spy,constant_mean,sharpe,0.7842637017151731
spy,constant_mean,return,0.26188933849334717
spy,constant_mean,maxdd,-0.1247883022122841
spy,constant_mean,exposure,0.4748198091983795
spy,constant_mean,upside_capture,0.4748198688030243
spy,constant_mean,downside_loss,0.47481977939605713
spy,constant_mean,exposure_bull,0.4748198091983795
spy,constant_mean,exposure_bear,0.4748198091983795
spy,constant_mean,exposure_crisis,0.47481977939605713
spy,blend_50,sharpe,0.8273083335446919
spy,blend_50,return,0.44671618938446045
spy,blend_50,maxdd,-0.18384029037793959
spy,blend_50,exposure,0.7374098896980286
spy,blend_50,upside_capture,0.7366358637809753
spy,blend_50,downside_loss,0.731462836265564
spy,blend_50,exposure_bull,0.7395891547203064
spy,blend_50,exposure_bear,0.7312875390052795
spy,blend_50,exposure_crisis,0.7042540907859802
spy,floor_50,sharpe,0.8121305150199698
spy,floor_50,return,0.3002530336380005
spy,floor_50,maxdd,-0.13407171682125396
spy,floor_50,exposure,0.5141470432281494
spy,floor_50,upside_capture,0.5176132917404175
spy,floor_50,downside_loss,0.5147514939308167
spy,floor_50,exposure_bull,0.5110266208648682
spy,floor_50,exposure_bear,0.5257895588874817
spy,floor_50,exposure_crisis,0.5048847794532776
spy,blend_risk,sharpe,0.8896984982353451
spy,blend_risk,return,0.43933749198913574
spy,blend_risk,maxdd,-0.16600761786001406
spy,blend_risk,exposure,0.7128455638885498
spy,blend_risk,upside_capture,0.6876112818717957
spy,blend_risk,downside_loss,0.6782707571983337
spy,blend_risk,exposure_bull,0.7523654699325562
spy,blend_risk,exposure_bear,0.5830480456352234
spy,blend_risk,exposure_crisis,0.48185473680496216
spy,blend_risk,alpha_mean,0.4579651951789856
spy,blend_risk,alpha_bull,0.5270603895187378
spy,blend_risk,alpha_bear,0.2273220270872116
spy,blend_risk,alpha_crisis,0.1272934079170227
spy,blend_risk,corr_alpha_vol,-0.9302966924447105
csi300,buy_and_hold,sharpe,-0.35173752922695783
csi300,buy_and_hold,return,-0.27475494146347046
csi300,buy_and_hold,maxdd,-0.4560261906664905
csi300,buy_and_hold,exposure,1.0
csi300,buy_and_hold,upside_capture,1.0
csi300,buy_and_hold,downside_loss,1.0
csi300,buy_and_hold,exposure_bull,1.0
csi300,buy_and_hold,exposure_bear,1.0
csi300,buy_and_hold,exposure_crisis,1.0
csi300,adaptive,sharpe,-0.35496732271434106
csi300,adaptive,return,-0.13473540544509888
csi300,adaptive,maxdd,-0.2528744085736383
csi300,adaptive,exposure,0.4964961111545563
csi300,adaptive,upside_capture,0.496880441904068
csi300,adaptive,downside_loss,0.4973036050796509
csi300,adaptive,exposure_bull,0.49736571311950684
csi300,adaptive,exposure_bear,0.4947851896286011
csi300,adaptive,exposure_crisis,0.5336912274360657
csi300,constant_mean,sharpe,-0.3517375148968049
csi300,constant_mean,return,-0.13293051719665527
csi300,constant_mean,maxdd,-0.25178182340666977
csi300,constant_mean,exposure,0.49649617075920105
csi300,constant_mean,upside_capture,0.4964961111545563
csi300,constant_mean,downside_loss,0.49649614095687866
csi300,constant_mean,exposure_bull,0.49649614095687866
csi300,constant_mean,exposure_bear,0.49649614095687866
csi300,constant_mean,exposure_crisis,0.4964961111545563
csi300,blend_50,sharpe,-0.35285303658448836
csi300,blend_50,return,-0.20447242259979248
csi300,blend_50,maxdd,-0.36047464269926965
csi300,blend_50,exposure,0.7482480406761169
csi300,blend_50,upside_capture,0.7484402656555176
csi300,blend_50,downside_loss,0.7486518621444702
csi300,blend_50,exposure_bull,0.7486827969551086
csi300,blend_50,exposure_bear,0.7473925948143005
csi300,blend_50,exposure_crisis,0.7668456435203552
csi300,floor_50,sharpe,-0.35024797150967
csi300,floor_50,return,-0.13498055934906006
csi300,floor_50,maxdd,-0.25355192244463576
csi300,floor_50,exposure,0.5019579529762268
csi300,floor_50,upside_capture,0.5030491948127747
csi300,floor_50,downside_loss,0.5030708312988281
csi300,floor_50,exposure_bull,0.5022226572036743
csi300,floor_50,exposure_bear,0.5007842779159546
csi300,floor_50,exposure_crisis,0.5336912274360657
csi300,blend_risk,sharpe,-0.2813528004489556
csi300,blend_risk,return,-0.1992180347442627
csi300,blend_risk,maxdd,-0.3830701391906566
csi300,blend_risk,exposure,0.8226937055587769
csi300,blend_risk,upside_capture,0.834865391254425
csi300,blend_risk,downside_loss,0.8257321715354919
csi300,blend_risk,exposure_bull,0.7926066517829895
csi300,blend_risk,exposure_bear,0.8391439914703369
csi300,blend_risk,exposure_crisis,0.8721416592597961
csi300,blend_risk,alpha_mean,0.6477794051170349
csi300,blend_risk,alpha_bull,0.5876010656356812
csi300,blend_risk,alpha_bear,0.6812989115715027
csi300,blend_risk,alpha_crisis,0.7274050712585449
csi300,blend_risk,corr_alpha_vol,0.00817762272529486
nifty,buy_and_hold,sharpe,1.0057321233074072
nifty,buy_and_hold,return,0.6936826705932617
nifty,buy_and_hold,maxdd,-0.17229756605993718
nifty,buy_and_hold,exposure,1.0
nifty,buy_and_hold,upside_capture,1.0
nifty,buy_and_hold,downside_loss,1.0
nifty,buy_and_hold,exposure_bull,1.0
nifty,buy_and_hold,exposure_bear,1.0
nifty,buy_and_hold,exposure_crisis,1.0
nifty,adaptive,sharpe,1.0333948949201233
nifty,adaptive,return,0.27137434482574463
nifty,adaptive,maxdd,-0.08087032544882267
nifty,adaptive,exposure,0.45092350244522095
nifty,adaptive,upside_capture,0.42341652512550354
nifty,adaptive,downside_loss,0.4211268424987793
nifty,adaptive,exposure_bull,0.4647355377674103
nifty,adaptive,exposure_bear,0.41753509640693665
nifty,adaptive,exposure_crisis,0.42706233263015747
nifty,constant_mean,sharpe,1.0057321309004843
nifty,constant_mean,return,0.2813255786895752
nifty,constant_mean,maxdd,-0.07881875539441496
nifty,constant_mean,exposure,0.45092347264289856
nifty,constant_mean,upside_capture,0.45092350244522095
nifty,constant_mean,downside_loss,0.45092350244522095
nifty,constant_mean,exposure_bull,0.45092347264289856
nifty,constant_mean,exposure_bear,0.45092350244522095
nifty,constant_mean,exposure_crisis,0.45092350244522095
nifty,blend_50,sharpe,1.0241200431934891
nifty,blend_50,return,0.4730898141860962
nifty,blend_50,maxdd,-0.1265443619995179
nifty,blend_50,exposure,0.7254617214202881
nifty,blend_50,upside_capture,0.7117082476615906
nifty,blend_50,downside_loss,0.7105634808540344
nifty,blend_50,exposure_bull,0.732367753982544
nifty,blend_50,exposure_bear,0.7087675929069519
nifty,blend_50,exposure_crisis,0.7135311961174011
nifty,floor_50,sharpe,1.0534700398746892
nifty,floor_50,return,0.3497401475906372
nifty,floor_50,maxdd,-0.08692356593933737
nifty,floor_50,exposure,0.5273333191871643
nifty,floor_50,upside_capture,0.5234778523445129
nifty,floor_50,downside_loss,0.5189185738563538
nifty,floor_50,exposure_bull,0.5304246544837952
nifty,floor_50,exposure_bear,0.5220557451248169
nifty,floor_50,exposure_crisis,0.5084988474845886
nifty,blend_risk,sharpe,1.2034003664194204
nifty,blend_risk,return,0.6606508493423462
nifty,blend_risk,maxdd,-0.10495567052534649
nifty,blend_risk,exposure,0.7476312518119812
nifty,blend_risk,upside_capture,0.7674810290336609
nifty,blend_risk,downside_loss,0.7353745698928833
nifty,blend_risk,exposure_bull,0.7600073218345642
nifty,blend_risk,exposure_bear,0.6959011554718018
nifty,blend_risk,exposure_crisis,0.8603196740150452
nifty,blend_risk,alpha_mean,0.5295315980911255
nifty,blend_risk,alpha_bull,0.543844997882843
nifty,blend_risk,alpha_bear,0.45909297466278076
nifty,blend_risk,alpha_crisis,0.7250788807868958
nifty,blend_risk,corr_alpha_vol,0.12540589894473153
