market,metric,driver,group,value
spy,corr_e_driver,vol20,all,-0.29304347704040246
spy,corr_e_driver,risk,all,-0.04931100600397379
spy,corr_e_driver,p_bull,all,0.04931100600397377
spy,corr_e_driver,drawdown60,all,0.02524671709920005
spy,corr_e_driver,ood,all,-0.24927249445515434
spy,corr_e_driver,abs_r_next,all,-0.09724226593971252
spy,corr_e_driver,fwd_vol_5,all,-0.0316561489043072
spy,corr_e_rnext,,all,0.04878620430827141
spy,ols_beta,const,all,0.4748198396530911
spy,ols_p,const,all,0.0
spy,ols_beta,vol20,all,-0.040316324992482964
spy,ols_p,vol20,all,1.736388638823176e-26
spy,ols_beta,risk,all,0.005050287522600626
spy,ols_p,risk,all,0.002319483831283095
spy,ols_beta,p_bull,all,-0.005050287522600557
spy,ols_p,p_bull,all,0.0023194838312833813
spy,ols_beta,drawdown60,all,-0.037937356398489344
spy,ols_p,drawdown60,all,5.34233761782757e-17
spy,ols_beta,ood,all,-0.021541538988075776
spy,ols_p,ood,all,8.530997718751689e-08
spy,sharpe_delta_+0.1,bull,all,0.020967376429340767
spy,sharpe_delta_-0.1,bull,all,-0.037841275064618984
spy,sharpe_delta_+0.1,bear,all,-0.04749679882849234
spy,sharpe_delta_-0.1,bear,all,0.04527863428577272
spy,sharpe_delta_+0.1,crisis,all,-0.003737675691642295
spy,sharpe_delta_-0.1,crisis,all,0.00354147784180725
spy,sharpe_base,,all,0.9085029222349997
nifty,corr_e_driver,vol20,all,-0.33995961129061536
nifty,corr_e_driver,risk,all,-0.009363298028654248
nifty,corr_e_driver,p_bull,all,0.009363298028654233
nifty,corr_e_driver,drawdown60,all,0.6562940078302211
nifty,corr_e_driver,ood,all,-0.3271044654961115
nifty,corr_e_driver,abs_r_next,all,-0.2601306140422821
nifty,corr_e_driver,fwd_vol_5,all,-0.20849145212066483
nifty,corr_e_rnext,,all,-0.00829317606985569
nifty,ols_beta,const,all,0.4509234880647579
nifty,ols_p,const,all,0.0
nifty,ols_beta,vol20,all,-0.014250365510925468
nifty,ols_p,vol20,all,2.2614120413396187e-05
nifty,ols_beta,risk,all,0.027734939901039365
nifty,ols_p,risk,all,1.4949086883037608e-85
nifty,ols_beta,p_bull,all,-0.02773493990103934
nifty,ols_p,p_bull,all,1.494908688304059e-85
nifty,ols_beta,drawdown60,all,0.09846940668455172
nifty,ols_p,drawdown60,all,6.558241423013423e-177
nifty,ols_beta,ood,all,-0.004657809825412005
nifty,ols_p,ood,all,0.17375339764044762
nifty,sharpe_delta_+0.1,bull,all,-0.006203548020135452
nifty,sharpe_delta_-0.1,bull,all,-0.0069085919350808656
nifty,sharpe_delta_+0.1,bear,all,-0.04128754714471883
nifty,sharpe_delta_-0.1,bear,all,0.03218841070187173
nifty,sharpe_delta_+0.1,crisis,all,0.04249690934950867
nifty,sharpe_delta_-0.1,crisis,all,-0.046063450292677555
nifty,sharpe_base,,all,1.0333948949201233
