market,pair,pearson,spearman
spy,OOD~vol,0.7180364003330825,0.6979375049976646
spy,OOD~abs_return,0.4457758206189446,0.3104005303366991
spy,OOD~drawdown60,-0.6721936153536264,-0.63248257470733
spy,OOD~fwd_vol_5,0.5477240405045402,0.47481399489100834
spy,vol~abs_return (ref),0.4721276105210102,0.37010094927603815
csi300,OOD~vol,0.7838646234036835,0.6662673768937368
csi300,OOD~abs_return,0.3553813466084895,0.2578597751356107
csi300,OOD~drawdown60,-0.38354447979547013,-0.18478895747886012
csi300,OOD~fwd_vol_5,0.5233463913417495,0.4677504095553113
csi300,vol~abs_return (ref),0.36439933859479057,0.3246002988441062
nifty,OOD~vol,0.8401899214352656,0.6592706163057671
nifty,OOD~abs_return,0.4686772159063351,0.188421929426125
nifty,OOD~drawdown60,-0.7115850908004593,-0.412372149973791
nifty,OOD~fwd_vol_5,0.6686252207343768,0.3090711123818855
nifty,vol~abs_return (ref),0.44642688717353574,0.21687280190035763
