rep,variant,seed,metric,group,value
predictive,behaviour_clone,0,sharpe,all,0.7254521049492096
predictive,behaviour_clone,0,sharpe_regime,bull,0.40098389692824254
predictive,behaviour_clone,0,sharpe_regime,bear,1.3818937411461902
predictive,behaviour_clone,0,sharpe_regime,crisis,3.4515864387760127
predictive,A2C,20260814,sharpe,all,0.5635698057724776
predictive,A2C,20260814,sharpe_regime,bull,0.5290665894476343
predictive,A2C,20260814,sharpe_regime,bear,0.7016346475729038
predictive,A2C,20260814,sharpe_regime,crisis,2.6204076608389237
predictive,A2C,111,sharpe,all,0.6344231961213804
predictive,A2C,111,sharpe_regime,bull,0.8676460621133418
predictive,A2C,111,sharpe_regime,bear,0.6032260887171207
predictive,A2C,111,sharpe_regime,crisis,1.0290838456311537
predictive,A2C,222,sharpe,all,0.7445339222925645
predictive,A2C,222,sharpe_regime,bull,0.9235021608874054
predictive,A2C,222,sharpe_regime,bear,0.8242330989989005
predictive,A2C,222,sharpe_regime,crisis,-2.261947641028122
predictive,A2C,333,sharpe,all,0.5992489498396325
predictive,A2C,333,sharpe_regime,bull,0.6272939650558568
predictive,A2C,333,sharpe_regime,bear,0.7012729927953362
predictive,A2C,333,sharpe_regime,crisis,-0.37936572809651437
predictive,A2C,444,sharpe,all,0.4890783159634723
predictive,A2C,444,sharpe_regime,bull,0.47872058756333546
predictive,A2C,444,sharpe_regime,bear,0.5461554929939892
predictive,A2C,444,sharpe_regime,crisis,4.391743702415149
predictive,A2C,555,sharpe,all,0.7329470691794044
predictive,A2C,555,sharpe_regime,bull,0.6125847817485915
predictive,A2C,555,sharpe_regime,bear,0.9868512860738522
predictive,A2C,555,sharpe_regime,crisis,3.947810322986628
predictive,A2C,666,sharpe,all,0.5431403819505851
predictive,A2C,666,sharpe_regime,bull,0.10370693018124216
predictive,A2C,666,sharpe_regime,bear,1.2198928833431189
predictive,A2C,666,sharpe_regime,crisis,-0.8647708376762597
predictive,A2C,777,sharpe,all,0.6101690459799972
predictive,A2C,777,sharpe_regime,bull,0.5488983802717727
predictive,A2C,777,sharpe_regime,bear,0.8010442600511681
predictive,A2C,777,sharpe_regime,crisis,5.37319281025921
predictive,A2C,888,sharpe,all,0.7192944592479922
predictive,A2C,888,sharpe_regime,bull,0.5309028330959515
predictive,A2C,888,sharpe_regime,bear,1.1889451006153544
predictive,A2C,888,sharpe_regime,crisis,-1.0471176773505515
predictive,A2C,999,sharpe,all,0.5363136877505129
predictive,A2C,999,sharpe_regime,bull,0.47567897340567034
predictive,A2C,999,sharpe_regime,bear,0.7028317602995601
predictive,A2C,999,sharpe_regime,crisis,2.8020361828309923
predictive,gated_rho0,20260814,sharpe,all,0.9800131570429952
predictive,gated_rho0,20260814,lambda_mean,all,0.649445116519928
predictive,gated_rho0,20260814,lambda_regime,bull,0.6604722142219543
predictive,gated_rho0,20260814,sharpe_regime,bull,1.0650439079007763
predictive,gated_rho0,20260814,lambda_regime,bear,0.6075634360313416
predictive,gated_rho0,20260814,sharpe_regime,bear,0.903219449163224
predictive,gated_rho0,20260814,lambda_regime,crisis,0.6967458128929138
predictive,gated_rho0,20260814,sharpe_regime,crisis,-0.7368816704888492
predictive,gated_rho1,20260814,sharpe,all,0.8082202767823841
predictive,gated_rho1,20260814,lambda_mean,all,0.4643661677837372
predictive,gated_rho1,20260814,lambda_regime,bull,0.4730782210826874
predictive,gated_rho1,20260814,sharpe_regime,bull,0.5216786834951392
predictive,gated_rho1,20260814,lambda_regime,bear,0.4336361587047577
predictive,gated_rho1,20260814,sharpe_regime,bear,1.4112860284135202
predictive,gated_rho1,20260814,lambda_regime,crisis,0.45519721508026123
predictive,gated_rho1,20260814,sharpe_regime,crisis,3.7713928405619477
predictive,oracle,20260814,sharpe,all,0.6707063943336766
predictive,oracle,20260814,sharpe_regime,bull,0.5290666239039361
predictive,oracle,20260814,sharpe_regime,bear,1.2969786558772982
predictive,oracle,20260814,sharpe_regime,crisis,3.387694308535521
predictive,gated_rho0,111,sharpe,all,0.4824745583384918
predictive,gated_rho0,111,lambda_mean,all,0.6524240374565125
predictive,gated_rho0,111,lambda_regime,bull,0.6384080052375793
predictive,gated_rho0,111,sharpe_regime,bull,0.24054772759543502
predictive,gated_rho0,111,lambda_regime,bear,0.7083836793899536
predictive,gated_rho0,111,sharpe_regime,bear,0.9435689419284098
predictive,gated_rho0,111,lambda_regime,crisis,0.5385324954986572
predictive,gated_rho0,111,sharpe_regime,crisis,3.6484882959743428
predictive,gated_rho1,111,sharpe,all,0.7435235758571872
predictive,gated_rho1,111,lambda_mean,all,0.02243347465991974
predictive,gated_rho1,111,lambda_regime,bull,0.02747337520122528
predictive,gated_rho1,111,sharpe_regime,bull,0.43922810280087893
predictive,gated_rho1,111,lambda_regime,bear,0.005420519970357418
predictive,gated_rho1,111,sharpe_regime,bear,1.367098416496199
predictive,gated_rho1,111,lambda_regime,crisis,0.002052455209195614
predictive,gated_rho1,111,sharpe_regime,crisis,3.4685849780763767
predictive,oracle,111,sharpe,all,0.8662735656196777
predictive,oracle,111,sharpe_regime,bull,0.8676460379926267
predictive,oracle,111,sharpe_regime,bear,1.4174385140594115
predictive,oracle,111,sharpe_regime,crisis,3.5980016612794388
predictive,gated_rho0,222,sharpe,all,0.5132126127626335
predictive,gated_rho0,222,lambda_mean,all,0.7219440937042236
predictive,gated_rho0,222,lambda_regime,bull,0.7066097259521484
predictive,gated_rho0,222,sharpe_regime,bull,0.5342424685486992
predictive,gated_rho0,222,lambda_regime,bear,0.7855321764945984
predictive,gated_rho0,222,sharpe_regime,bear,0.5176132538907141
predictive,gated_rho0,222,lambda_regime,crisis,0.550687313079834
predictive,gated_rho0,222,sharpe_regime,crisis,2.4462275406119596
predictive,gated_rho1,222,sharpe,all,0.6707115368040821
predictive,gated_rho1,222,lambda_mean,all,0.33807671070098877
predictive,gated_rho1,222,lambda_regime,bull,0.3713361620903015
predictive,gated_rho1,222,sharpe_regime,bull,0.37048551451155076
predictive,gated_rho1,222,lambda_regime,bear,0.22350911796092987
predictive,gated_rho1,222,sharpe_regime,bear,1.2892952019913348
predictive,gated_rho1,222,lambda_regime,crisis,0.24885596334934235
predictive,gated_rho1,222,sharpe_regime,crisis,3.028973606200079
predictive,oracle,222,sharpe,all,1.0011773140812488
predictive,oracle,222,sharpe_regime,bull,0.9235021367734274
predictive,oracle,222,sharpe_regime,bear,1.425049721759943
predictive,oracle,222,sharpe_regime,crisis,3.4560857920391084
predictive,gated_rho0,333,sharpe,all,0.8860188572655717
predictive,gated_rho0,333,lambda_mean,all,0.5724653601646423
predictive,gated_rho0,333,lambda_regime,bull,0.5721985697746277
predictive,gated_rho0,333,sharpe_regime,bull,0.6494992084457271
predictive,gated_rho0,333,lambda_regime,bear,0.5740228295326233
predictive,gated_rho0,333,sharpe_regime,bear,1.4389899733414693
predictive,gated_rho0,333,lambda_regime,crisis,0.5605885982513428
predictive,gated_rho0,333,sharpe_regime,crisis,4.204686057426278
predictive,gated_rho1,333,sharpe,all,0.8456163605357471
predictive,gated_rho1,333,lambda_mean,all,0.169271320104599
predictive,gated_rho1,333,lambda_regime,bull,0.20646227896213531
predictive,gated_rho1,333,sharpe_regime,bull,0.6063199272669989
predictive,gated_rho1,333,lambda_regime,bear,0.04196780547499657
predictive,gated_rho1,333,sharpe_regime,bear,1.3806778765341876
predictive,gated_rho1,333,lambda_regime,crisis,0.053588107228279114
predictive,gated_rho1,333,sharpe_regime,crisis,3.964098268939105
predictive,oracle,333,sharpe,all,0.7519544990423739
predictive,oracle,333,sharpe_regime,bull,0.6272939558337146
predictive,oracle,333,sharpe_regime,bear,1.3528530021978986
predictive,oracle,333,sharpe_regime,crisis,3.8251298188021248
predictive,gated_rho0,444,sharpe,all,0.552995565929293
predictive,gated_rho0,444,lambda_mean,all,0.5492959022521973
predictive,gated_rho0,444,lambda_regime,bull,0.5331626534461975
predictive,gated_rho0,444,sharpe_regime,bull,0.43204335114674397
predictive,gated_rho0,444,lambda_regime,bear,0.6128715872764587
predictive,gated_rho0,444,sharpe_regime,bear,0.8261002963272484
predictive,gated_rho0,444,lambda_regime,crisis,0.4347139298915863
predictive,gated_rho0,444,sharpe_regime,crisis,2.9326532512216974
predictive,gated_rho1,444,sharpe,all,0.7462637666007174
predictive,gated_rho1,444,lambda_mean,all,0.053183991461992264
predictive,gated_rho1,444,lambda_regime,bull,0.06613409519195557
predictive,gated_rho1,444,sharpe_regime,bull,0.4564784382964087
predictive,gated_rho1,444,lambda_regime,bear,0.009245486930012703
predictive,gated_rho1,444,sharpe_regime,bear,1.3505485498752785
predictive,gated_rho1,444,lambda_regime,crisis,0.005222545936703682
predictive,gated_rho1,444,sharpe_regime,crisis,3.489326926832617
predictive,oracle,444,sharpe,all,0.5885256931824613
predictive,oracle,444,sharpe_regime,bull,0.4787205646801604
predictive,oracle,444,sharpe_regime,bear,1.221088003129048
predictive,oracle,444,sharpe_regime,crisis,3.5849867436416134
predictive,gated_rho0,555,sharpe,all,1.0835067671836176
predictive,gated_rho0,555,lambda_mean,all,0.5834212899208069
predictive,gated_rho0,555,lambda_regime,bull,0.5883569717407227
predictive,gated_rho0,555,sharpe_regime,bull,1.0353504432358884
predictive,gated_rho0,555,lambda_regime,bear,0.5638099908828735
predictive,gated_rho0,555,sharpe_regime,bear,1.1765689878501102
predictive,gated_rho0,555,lambda_regime,crisis,0.6216587424278259
predictive,gated_rho0,555,sharpe_regime,crisis,6.273618582394531
predictive,gated_rho1,555,sharpe,all,0.8375570850012709
predictive,gated_rho1,555,lambda_mean,all,0.3047374188899994
predictive,gated_rho1,555,lambda_regime,bull,0.35053279995918274
predictive,gated_rho1,555,sharpe_regime,bull,0.5888358726848764
predictive,gated_rho1,555,lambda_regime,bear,0.14454296231269836
predictive,gated_rho1,555,sharpe_regime,bear,1.392551582406576
predictive,gated_rho1,555,lambda_regime,crisis,0.23011574149131775
predictive,gated_rho1,555,sharpe_regime,crisis,4.053421889749386
predictive,oracle,555,sharpe,all,0.8328655376500106
predictive,oracle,555,sharpe_regime,bull,0.612584778629926
predictive,oracle,555,sharpe_regime,bear,1.3638484563768354
predictive,oracle,555,sharpe_regime,crisis,3.539407692194715
predictive,gated_rho0,666,sharpe,all,0.9968240845961405
predictive,gated_rho0,666,lambda_mean,all,0.6967141032218933
predictive,gated_rho0,666,lambda_regime,bull,0.7109837532043457
predictive,gated_rho0,666,sharpe_regime,bull,1.1489104363374663
predictive,gated_rho0,666,lambda_regime,bear,0.6388815641403198
predictive,gated_rho0,666,sharpe_regime,bear,0.6610914754893618
predictive,gated_rho0,666,lambda_regime,crisis,0.8296397924423218
predictive,gated_rho0,666,sharpe_regime,crisis,-1.1436924797838246
predictive,gated_rho1,666,sharpe,all,0.7239334929879785
predictive,gated_rho1,666,lambda_mean,all,0.007271124050021172
predictive,gated_rho1,666,lambda_regime,bull,0.00845231395214796
predictive,gated_rho1,666,sharpe_regime,bull,0.38898638331584257
predictive,gated_rho1,666,lambda_regime,bear,0.0033737868070602417
predictive,gated_rho1,666,sharpe_regime,bear,1.395652491317376
predictive,gated_rho1,666,lambda_regime,crisis,0.0007200654363259673
predictive,gated_rho1,666,sharpe_regime,crisis,3.4453505331268337
predictive,oracle,666,sharpe,all,0.6923835290101674
predictive,oracle,666,sharpe_regime,bull,0.103706898717691
predictive,oracle,666,sharpe_regime,bear,1.4292306571704174
predictive,oracle,666,sharpe_regime,crisis,3.521070138818474
predictive,gated_rho0,777,sharpe,all,0.6282938450922069
predictive,gated_rho0,777,lambda_mean,all,0.6153320074081421
predictive,gated_rho0,777,lambda_regime,bull,0.5990993976593018
predictive,gated_rho0,777,sharpe_regime,bull,0.30459380005373815
predictive,gated_rho0,777,lambda_regime,bear,0.6791736483573914
predictive,gated_rho0,777,sharpe_regime,bear,1.286770247751255
predictive,gated_rho0,777,lambda_regime,crisis,0.5025256276130676
predictive,gated_rho0,777,sharpe_regime,crisis,2.938141726253625
predictive,gated_rho1,777,sharpe,all,0.7158783765920038
predictive,gated_rho1,777,lambda_mean,all,0.010588333010673523
predictive,gated_rho1,777,lambda_regime,bull,0.01289136428385973
predictive,gated_rho1,777,sharpe_regime,bull,0.37060853105056224
predictive,gated_rho1,777,lambda_regime,bear,0.002843109890818596
predictive,gated_rho1,777,sharpe_regime,bear,1.3995460008891416
predictive,gated_rho1,777,lambda_regime,crisis,0.0007026413804851472
predictive,gated_rho1,777,sharpe_regime,crisis,3.4441656194876233
predictive,oracle,777,sharpe,all,0.7003577763042064
predictive,oracle,777,sharpe_regime,bull,0.5488983611784889
predictive,oracle,777,sharpe_regime,bear,1.3217444784403636
predictive,oracle,777,sharpe_regime,crisis,3.646730854084113
predictive,gated_rho0,888,sharpe,all,0.7136737476751213
predictive,gated_rho0,888,lambda_mean,all,0.6498477458953857
predictive,gated_rho0,888,lambda_regime,bull,0.634853184223175
predictive,gated_rho0,888,sharpe_regime,bull,0.40207349010923327
predictive,gated_rho0,888,lambda_regime,bear,0.7104431986808777
predictive,gated_rho0,888,sharpe_regime,bear,1.3255046684091483
predictive,gated_rho0,888,lambda_regime,crisis,0.5136232972145081
predictive,gated_rho0,888,sharpe_regime,crisis,3.8177832835126355
predictive,gated_rho1,888,sharpe,all,0.6868352512442697
predictive,gated_rho1,888,lambda_mean,all,0.019137272611260414
predictive,gated_rho1,888,lambda_regime,bull,0.023873286321759224
predictive,gated_rho1,888,sharpe_regime,bull,0.32872181250080995
predictive,gated_rho1,888,lambda_regime,bear,0.0029375257436186075
predictive,gated_rho1,888,sharpe_regime,bear,1.3926913141933928
predictive,gated_rho1,888,lambda_regime,crisis,0.004179482348263264
predictive,gated_rho1,888,sharpe_regime,crisis,3.403631309793006
predictive,oracle,888,sharpe,all,0.8248450023310931
predictive,oracle,888,sharpe_regime,bull,0.5309028748147941
predictive,oracle,888,sharpe_regime,bear,1.4091370522443722
predictive,oracle,888,sharpe_regime,crisis,3.4889815875948953
predictive,gated_rho0,999,sharpe,all,0.9825407931146283
predictive,gated_rho0,999,lambda_mean,all,0.6103578209877014
predictive,gated_rho0,999,lambda_regime,bull,0.6184421181678772
predictive,gated_rho0,999,sharpe_regime,bull,1.0295607487370444
predictive,gated_rho0,999,lambda_regime,bear,0.5789414644241333
predictive,gated_rho0,999,sharpe_regime,bear,1.0015257248538663
predictive,gated_rho0,999,lambda_regime,crisis,0.6590663194656372
predictive,gated_rho0,999,sharpe_regime,crisis,-0.8829888573841169
predictive,gated_rho1,999,sharpe,all,0.7959857959503492
predictive,gated_rho1,999,lambda_mean,all,0.4849730134010315
predictive,gated_rho1,999,lambda_regime,bull,0.4926375150680542
predictive,gated_rho1,999,sharpe_regime,bull,0.5139625038643871
predictive,gated_rho1,999,lambda_regime,bear,0.4590755105018616
predictive,gated_rho1,999,sharpe_regime,bear,1.3966106133891794
predictive,gated_rho1,999,lambda_regime,crisis,0.45446741580963135
predictive,gated_rho1,999,sharpe_regime,crisis,3.808003078061736
predictive,oracle,999,sharpe,all,0.6510186389359459
predictive,oracle,999,sharpe_regime,bull,0.4756789654416086
predictive,oracle,999,sharpe_regime,bear,1.280349095455487
predictive,oracle,999,sharpe_regime,crisis,3.3483606957337826
contrastive,behaviour_clone,0,sharpe,all,0.7254521049492096
contrastive,behaviour_clone,0,sharpe_regime,bull,0.40098389692824254
contrastive,behaviour_clone,0,sharpe_regime,bear,1.3818937411461902
contrastive,behaviour_clone,0,sharpe_regime,crisis,3.4515864387760127
contrastive,A2C,20260814,sharpe,all,0.6481126996191154
contrastive,A2C,20260814,sharpe_regime,bull,1.0080881664457664
contrastive,A2C,20260814,sharpe_regime,bear,0.059717361394534874
contrastive,A2C,20260814,sharpe_regime,crisis,1.8177807971884317
contrastive,A2C,111,sharpe,all,0.7049984673733752
contrastive,A2C,111,sharpe_regime,bull,1.135158035265551
contrastive,A2C,111,sharpe_regime,bear,-0.07940071136499255
contrastive,A2C,111,sharpe_regime,crisis,0.9461166015348657
contrastive,A2C,222,sharpe,all,1.26496819215275
contrastive,A2C,222,sharpe_regime,bull,1.980848472021748
contrastive,A2C,222,sharpe_regime,bear,0.06292947464567553
contrastive,A2C,222,sharpe_regime,crisis,1.6226948287436465
contrastive,A2C,333,sharpe,all,-0.20755837454101808
contrastive,A2C,333,sharpe_regime,bull,-0.20288182414183148
contrastive,A2C,333,sharpe_regime,bear,-0.2995812334010962
contrastive,A2C,333,sharpe_regime,crisis,2.761039427434946
contrastive,A2C,444,sharpe,all,0.4030510246450352
contrastive,A2C,444,sharpe_regime,bull,0.4144814052163667
contrastive,A2C,444,sharpe_regime,bear,0.3019549038577689
contrastive,A2C,444,sharpe_regime,crisis,6.5307215204927385
contrastive,A2C,555,sharpe,all,0.6709421736623487
contrastive,A2C,555,sharpe_regime,bull,0.6299312082704625
contrastive,A2C,555,sharpe_regime,bear,0.8901514816473679
contrastive,A2C,555,sharpe_regime,crisis,-4.211113646017009
contrastive,A2C,666,sharpe,all,0.4206894769981186
contrastive,A2C,666,sharpe_regime,bull,0.6260959042578057
contrastive,A2C,666,sharpe_regime,bear,0.018868834011770357
contrastive,A2C,666,sharpe_regime,crisis,2.268743901385413
contrastive,A2C,777,sharpe,all,0.5970018698333152
contrastive,A2C,777,sharpe_regime,bull,1.2263515780686107
contrastive,A2C,777,sharpe_regime,bear,-0.37699676185976067
contrastive,A2C,777,sharpe_regime,crisis,1.184345122777433
contrastive,A2C,888,sharpe,all,0.6423702215899122
contrastive,A2C,888,sharpe_regime,bull,0.5646435702853609
contrastive,A2C,888,sharpe_regime,bear,0.9454096693436649
contrastive,A2C,888,sharpe_regime,crisis,-1.6369876466907733
contrastive,A2C,999,sharpe,all,0.12050898255609285
contrastive,A2C,999,sharpe_regime,bull,-0.025474589983432005
contrastive,A2C,999,sharpe_regime,bear,0.44841607662498256
contrastive,A2C,999,sharpe_regime,crisis,-0.9176071278337704
contrastive,gated_rho0,20260814,sharpe,all,0.5780722857784173
contrastive,gated_rho0,20260814,lambda_mean,all,0.5128220915794373
contrastive,gated_rho0,20260814,lambda_regime,bull,0.513822078704834
contrastive,gated_rho0,20260814,sharpe_regime,bull,0.42207459172682277
contrastive,gated_rho0,20260814,lambda_regime,bear,0.5059869885444641
contrastive,gated_rho0,20260814,sharpe_regime,bear,0.9890177253590775
contrastive,gated_rho0,20260814,lambda_regime,crisis,0.5770237445831299
contrastive,gated_rho0,20260814,sharpe_regime,crisis,-2.3888649160741617
contrastive,gated_rho1,20260814,sharpe,all,0.8331287130757705
contrastive,gated_rho1,20260814,lambda_mean,all,0.35167157649993896
contrastive,gated_rho1,20260814,lambda_regime,bull,0.37913569808006287
contrastive,gated_rho1,20260814,sharpe_regime,bull,0.5747372681627387
contrastive,gated_rho1,20260814,lambda_regime,bear,0.2539624571800232
contrastive,gated_rho1,20260814,sharpe_regime,bear,1.420985276941173
contrastive,gated_rho1,20260814,lambda_regime,crisis,0.3392384648323059
contrastive,gated_rho1,20260814,sharpe_regime,crisis,6.320769109622877
contrastive,oracle,20260814,sharpe,all,1.0191124469807487
contrastive,oracle,20260814,sharpe_regime,bull,1.0080881702980609
contrastive,oracle,20260814,sharpe_regime,bear,1.5683855806291647
contrastive,oracle,20260814,sharpe_regime,crisis,5.5478000393890285
contrastive,gated_rho0,111,sharpe,all,0.8693043834508472
contrastive,gated_rho0,111,lambda_mean,all,0.5491265654563904
contrastive,gated_rho0,111,lambda_regime,bull,0.532543420791626
contrastive,gated_rho0,111,sharpe_regime,bull,1.171861142683819
contrastive,gated_rho0,111,lambda_regime,bear,0.6114655137062073
contrastive,gated_rho0,111,sharpe_regime,bear,0.38773032777436445
contrastive,gated_rho0,111,lambda_regime,crisis,0.4907245635986328
contrastive,gated_rho0,111,sharpe_regime,crisis,10.862778270438017
contrastive,gated_rho1,111,sharpe,all,0.6218572092246271
contrastive,gated_rho1,111,lambda_mean,all,0.07492176443338394
contrastive,gated_rho1,111,lambda_regime,bull,0.09349841624498367
contrastive,gated_rho1,111,sharpe_regime,bull,0.23568295674887024
contrastive,gated_rho1,111,lambda_regime,bear,0.010898011736571789
contrastive,gated_rho1,111,sharpe_regime,bear,1.3774534883209906
contrastive,gated_rho1,111,lambda_regime,crisis,0.02574785426259041
contrastive,gated_rho1,111,sharpe_regime,crisis,3.380084188047864
contrastive,oracle,111,sharpe,all,1.106565244118111
contrastive,oracle,111,sharpe_regime,bull,1.1351580406658923
contrastive,oracle,111,sharpe_regime,bear,1.3387336384730355
contrastive,oracle,111,sharpe_regime,crisis,5.2227116493180885
contrastive,gated_rho0,222,sharpe,all,0.7648260294747243
contrastive,gated_rho0,222,lambda_mean,all,0.5467378497123718
contrastive,gated_rho0,222,lambda_regime,bull,0.5348597168922424
contrastive,gated_rho0,222,sharpe_regime,bull,0.48113522496250116
contrastive,gated_rho0,222,lambda_regime,bear,0.5901290774345398
contrastive,gated_rho0,222,sharpe_regime,bear,1.3600343852235044
contrastive,gated_rho0,222,lambda_regime,crisis,0.5297749042510986
contrastive,gated_rho0,222,sharpe_regime,crisis,1.5767942207906485
contrastive,gated_rho1,222,sharpe,all,0.8011428664236342
contrastive,gated_rho1,222,lambda_mean,all,0.15552455186843872
contrastive,gated_rho1,222,lambda_regime,bull,0.1904112696647644
contrastive,gated_rho1,222,sharpe_regime,bull,0.5848080991692802
contrastive,gated_rho1,222,lambda_regime,bear,0.03404964879155159
contrastive,gated_rho1,222,sharpe_regime,bear,1.3311263131880944
contrastive,gated_rho1,222,lambda_regime,crisis,0.08762189745903015
contrastive,gated_rho1,222,sharpe_regime,crisis,3.6481422983655603
contrastive,oracle,222,sharpe,all,1.8470075357833458
contrastive,oracle,222,sharpe_regime,bull,1.9808484506240314
contrastive,oracle,222,sharpe_regime,bear,1.2900017279622575
contrastive,oracle,222,sharpe_regime,crisis,4.953853659096227
contrastive,gated_rho0,333,sharpe,all,1.0004627104917587
contrastive,gated_rho0,333,lambda_mean,all,0.5562589168548584
contrastive,gated_rho0,333,lambda_regime,bull,0.5502442121505737
contrastive,gated_rho0,333,sharpe_regime,bull,1.1131846301282562
contrastive,gated_rho0,333,lambda_regime,bear,0.5735988616943359
contrastive,gated_rho0,333,sharpe_regime,bear,0.9348683131711951
contrastive,gated_rho0,333,lambda_regime,crisis,0.6390505433082581
contrastive,gated_rho0,333,sharpe_regime,crisis,1.919178572304143
contrastive,gated_rho1,333,sharpe,all,0.7268216209683791
contrastive,gated_rho1,333,lambda_mean,all,0.1139289066195488
contrastive,gated_rho1,333,lambda_regime,bull,0.14241668581962585
contrastive,gated_rho1,333,sharpe_regime,bull,0.5104928462253269
contrastive,gated_rho1,333,lambda_regime,bear,0.01619187742471695
contrastive,gated_rho1,333,sharpe_regime,bear,1.26498789390175
contrastive,gated_rho1,333,lambda_regime,crisis,0.029740214347839355
contrastive,gated_rho1,333,sharpe_regime,crisis,3.2651756150417133
contrastive,oracle,333,sharpe,all,-0.05363779909010363
contrastive,oracle,333,sharpe_regime,bull,-0.20288182717897923
contrastive,oracle,333,sharpe_regime,bear,1.5193328181536927
contrastive,oracle,333,sharpe_regime,crisis,5.3209992857156
contrastive,gated_rho0,444,sharpe,all,0.5152411079556973
contrastive,gated_rho0,444,lambda_mean,all,0.5684201717376709
contrastive,gated_rho0,444,lambda_regime,bull,0.5765315890312195
contrastive,gated_rho0,444,sharpe_regime,bull,0.4469162463312568
contrastive,gated_rho0,444,lambda_regime,bear,0.5466941595077515
contrastive,gated_rho0,444,sharpe_regime,bear,0.7442720887600605
contrastive,gated_rho0,444,lambda_regime,crisis,0.42405274510383606
contrastive,gated_rho0,444,sharpe_regime,crisis,-7.83292698143419
contrastive,gated_rho1,444,sharpe,all,0.7818657814886731
contrastive,gated_rho1,444,lambda_mean,all,0.12090536206960678
contrastive,gated_rho1,444,lambda_regime,bull,0.15015564858913422
contrastive,gated_rho1,444,sharpe_regime,bull,0.5769611811489443
contrastive,gated_rho1,444,lambda_regime,bear,0.02003762498497963
contrastive,gated_rho1,444,sharpe_regime,bear,1.2808812521689363
contrastive,gated_rho1,444,lambda_regime,crisis,0.04461619630455971
contrastive,gated_rho1,444,sharpe_regime,crisis,3.7432283806072366
contrastive,oracle,444,sharpe,all,0.5039559097118209
contrastive,oracle,444,sharpe_regime,bull,0.41448142842844976
contrastive,oracle,444,sharpe_regime,bear,1.441475364013294
contrastive,oracle,444,sharpe_regime,crisis,4.824123458179526
contrastive,gated_rho0,555,sharpe,all,0.8427754802091213
contrastive,gated_rho0,555,lambda_mean,all,0.5267132520675659
contrastive,gated_rho0,555,lambda_regime,bull,0.5138779878616333
contrastive,gated_rho0,555,sharpe_regime,bull,0.6981029085567173
contrastive,gated_rho0,555,lambda_regime,bear,0.5744354724884033
contrastive,gated_rho0,555,sharpe_regime,bear,1.098197699306976
contrastive,gated_rho0,555,lambda_regime,crisis,0.4919208288192749
contrastive,gated_rho0,555,sharpe_regime,crisis,6.690292974226993
contrastive,gated_rho1,555,sharpe,all,0.778754490832425
contrastive,gated_rho1,555,lambda_mean,all,0.2665553689002991
contrastive,gated_rho1,555,lambda_regime,bull,0.3054269552230835
contrastive,gated_rho1,555,sharpe_regime,bull,0.504556742380975
contrastive,gated_rho1,555,lambda_regime,bear,0.12996220588684082
contrastive,gated_rho1,555,sharpe_regime,bear,1.359527111923288
contrastive,gated_rho1,555,lambda_regime,crisis,0.21541890501976013
contrastive,gated_rho1,555,sharpe_regime,crisis,3.719675030145227
contrastive,oracle,555,sharpe,all,0.7141889507772338
contrastive,oracle,555,sharpe_regime,bull,0.629931215075343
contrastive,oracle,555,sharpe_regime,bear,1.443833868326606
contrastive,oracle,555,sharpe_regime,crisis,3.204478299292876
contrastive,gated_rho0,666,sharpe,all,1.1603766182290045
contrastive,gated_rho0,666,lambda_mean,all,0.517647922039032
contrastive,gated_rho0,666,lambda_regime,bull,0.5097779631614685
contrastive,gated_rho0,666,sharpe_regime,bull,1.547390551873874
contrastive,gated_rho0,666,lambda_regime,bear,0.5491981506347656
contrastive,gated_rho0,666,sharpe_regime,bear,0.5459312468271965
contrastive,gated_rho0,666,lambda_regime,crisis,0.4511493444442749
contrastive,gated_rho0,666,sharpe_regime,crisis,4.067498780588757
contrastive,gated_rho1,666,sharpe,all,0.7184298409022241
contrastive,gated_rho1,666,lambda_mean,all,0.055160392075777054
contrastive,gated_rho1,666,lambda_regime,bull,0.0695573166012764
contrastive,gated_rho1,666,sharpe_regime,bull,0.41848331433848784
contrastive,gated_rho1,666,lambda_regime,bear,0.005193108227103949
contrastive,gated_rho1,666,sharpe_regime,bear,1.3717339069235692
contrastive,gated_rho1,666,lambda_regime,crisis,0.02393217198550701
contrastive,gated_rho1,666,sharpe_regime,crisis,3.637084344024692
contrastive,oracle,666,sharpe,all,0.6746034191207724
contrastive,oracle,666,sharpe_regime,bull,0.6260959088824031
contrastive,oracle,666,sharpe_regime,bear,1.3862699682573116
contrastive,oracle,666,sharpe_regime,crisis,3.2899585926232313
contrastive,gated_rho0,777,sharpe,all,0.6926455035895877
contrastive,gated_rho0,777,lambda_mean,all,0.6628453731536865
contrastive,gated_rho0,777,lambda_regime,bull,0.6699957847595215
contrastive,gated_rho0,777,sharpe_regime,bull,0.6146168690295064
contrastive,gated_rho0,777,lambda_regime,bear,0.6300276517868042
contrastive,gated_rho0,777,sharpe_regime,bear,0.9858228123103074
contrastive,gated_rho0,777,lambda_regime,crisis,0.8051683306694031
contrastive,gated_rho0,777,sharpe_regime,crisis,-2.9376630719642027
contrastive,gated_rho1,777,sharpe,all,0.7719085595172364
contrastive,gated_rho1,777,lambda_mean,all,0.061117906123399734
contrastive,gated_rho1,777,lambda_regime,bull,0.07741014659404755
contrastive,gated_rho1,777,sharpe_regime,bull,0.5212664021267395
contrastive,gated_rho1,777,lambda_regime,bear,0.005243254359811544
contrastive,gated_rho1,777,sharpe_regime,bear,1.3392096877749229
contrastive,gated_rho1,777,lambda_regime,crisis,0.012548106722533703
contrastive,gated_rho1,777,sharpe_regime,crisis,3.3965986735806237
contrastive,oracle,777,sharpe,all,1.194624446981556
contrastive,oracle,777,sharpe_regime,bull,1.2263515842599517
contrastive,oracle,777,sharpe_regime,bear,1.405426164823711
contrastive,oracle,777,sharpe_regime,crisis,5.226571918874483
contrastive,gated_rho0,888,sharpe,all,0.7016017738135127
contrastive,gated_rho0,888,lambda_mean,all,0.5096817016601562
contrastive,gated_rho0,888,lambda_regime,bull,0.5137984156608582
contrastive,gated_rho0,888,sharpe_regime,bull,0.4449531997230235
contrastive,gated_rho0,888,lambda_regime,bear,0.49580544233322144
contrastive,gated_rho0,888,sharpe_regime,bear,1.2255341426170077
contrastive,gated_rho0,888,lambda_regime,crisis,0.49263378977775574
contrastive,gated_rho0,888,sharpe_regime,crisis,3.5611743348292566
contrastive,gated_rho1,888,sharpe,all,0.746019202386973
contrastive,gated_rho1,888,lambda_mean,all,0.040324583649635315
contrastive,gated_rho1,888,lambda_regime,bull,0.05079733207821846
contrastive,gated_rho1,888,sharpe_regime,bull,0.4395199074130972
contrastive,gated_rho1,888,lambda_regime,bear,0.0043291873298585415
contrastive,gated_rho1,888,sharpe_regime,bear,1.3771044180087655
contrastive,gated_rho1,888,lambda_regime,crisis,0.010658887214958668
contrastive,gated_rho1,888,sharpe_regime,crisis,3.778457856822456
contrastive,oracle,888,sharpe,all,0.6794937999600089
contrastive,oracle,888,sharpe_regime,bull,0.5646435566196963
contrastive,oracle,888,sharpe_regime,bear,1.6286151410969185
contrastive,oracle,888,sharpe_regime,crisis,4.69467213826132
contrastive,gated_rho0,999,sharpe,all,0.7157169317141564
contrastive,gated_rho0,999,lambda_mean,all,0.5221017003059387
contrastive,gated_rho0,999,lambda_regime,bull,0.5200033783912659
contrastive,gated_rho0,999,sharpe_regime,bull,0.46098900191667436
contrastive,gated_rho0,999,lambda_regime,bear,0.5316038727760315
contrastive,gated_rho0,999,sharpe_regime,bear,1.2904935164262374
contrastive,gated_rho0,999,lambda_regime,crisis,0.482871413230896
contrastive,gated_rho0,999,sharpe_regime,crisis,2.0972906500858137
contrastive,gated_rho1,999,sharpe,all,0.8086479426477541
contrastive,gated_rho1,999,lambda_mean,all,0.4302994906902313
contrastive,gated_rho1,999,lambda_regime,bull,0.44367650151252747
contrastive,gated_rho1,999,sharpe_regime,bull,0.4861422289070342
contrastive,gated_rho1,999,lambda_regime,bear,0.3839638829231262
contrastive,gated_rho1,999,sharpe_regime,bear,1.532498985894869
contrastive,gated_rho1,999,lambda_regime,crisis,0.39947348833084106
contrastive,gated_rho1,999,sharpe_regime,crisis,3.3789947403691984
contrastive,oracle,999,sharpe,all,0.128158013633679
contrastive,oracle,999,sharpe_regime,bull,-0.02547458492953971
contrastive,oracle,999,sharpe_regime,bear,1.625293466211346
contrastive,oracle,999,sharpe_regime,crisis,5.012139102383614
