model,feature,lag,ik,da,dh,dh_rel
DDR,ret_1d,1,0.004228916950523853,0.03526468947529793,0.28819382190704346,0.14122422975957102
DDR,ret_1d,2,0.002386730629950762,0.029549166560173035,0.15651875734329224,0.07669921861080471
DDR,ret_1d,3,0.000877232349012047,0.01287884172052145,0.08563780784606934,0.04196527660214811
DDR,ret_1d,4,0.00010955686593661085,0.0067898426204919815,0.05576946213841438,0.0273288278093051
DDR,ret_1d,5,0.00017223072063643485,0.00751478923484683,0.04768572375178337,0.023367536343459346
DDR,ret_1d,6,0.00026915306807495654,0.006245507393032312,0.03652671352028847,0.01789926289334232
DDR,ret_1d,7,6.641579238930717e-05,0.00412861118093133,0.026156311854720116,0.01281743297129197
DDR,ret_1d,8,3.7830199289601296e-05,0.003297902178019285,0.02180110663175583,0.01068324251922746
DDR,ret_1d,9,5.4071508202468976e-05,0.003082831623032689,0.020320827141404152,0.009957858021147431
DDR,ret_1d,10,4.1170533222611994e-05,0.0025544194504618645,0.015703603625297546,0.0076952701891978064
DDR,ret_1d,11,2.7440059056971222e-05,0.0019341526785865426,0.011456388980150223,0.005613998589010734
DDR,ret_1d,12,1.872048778750468e-05,0.0018124564085155725,0.01228228397667408,0.006018713665741234
DDR,ret_1d,13,2.7659178158501163e-05,0.0015535930870100856,0.01004890725016594,0.0049242873318353034
DDR,ret_1d,14,1.45758967846632e-05,0.0012839690316468477,0.008333014324307442,0.004083444682257531
DDR,ret_1d,15,6.455757556977915e-06,0.0010428985115140676,0.00752056110650301,0.003685316508860655
DDR,ret_1d,16,9.356697773910128e-06,0.0010751932859420776,0.007405982818454504,0.0036291694673670325
DDR,ret_1d,17,3.119135499218828e-06,0.0006731431931257248,0.005219040438532829,0.002557497454798281
DDR,ret_1d,18,3.341801857459359e-06,0.0006424178718589246,0.004744238685816526,0.0023248293449403177
DDR,ret_1d,19,4.341754447523272e-06,0.0007360015297308564,0.005457490216940641,0.0026743455054232014
DDR,ret_1d,20,7.669876140425913e-06,0.0008410050650127232,0.005705239716917276,0.002795750718331633
DDR,ret_5d,1,0.0010219925316050649,0.016615482047200203,0.2608795166015625,0.12783934280169404
DDR,ret_5d,2,0.0019088629633188248,0.03382885456085205,0.134553000330925,0.06593529211637057
DDR,ret_5d,3,0.0005904550198465586,0.015234416350722313,0.08051099628210068,0.03945297425835439
DDR,ret_5d,4,9.447066258871928e-05,0.005785598885267973,0.049589596688747406,0.024300495236553046
DDR,ret_5d,5,3.896239650202915e-05,0.00353731750510633,0.03728201240301132,0.01826938360670447
DDR,ret_5d,6,3.497900615911931e-05,0.0030559266451746225,0.027626648545265198,0.013537945178095773
DDR,ret_5d,7,1.8893269952968694e-05,0.002286003902554512,0.020055441185832024,0.009827810378499594
DDR,ret_5d,8,1.9275325030321255e-05,0.0019514997256919742,0.016463687643408775,0.008067735772602787
DDR,ret_5d,9,1.8284945326740853e-05,0.0017905485583469272,0.014798429794609547,0.007251705937224823
DDR,ret_5d,10,1.14566091724555e-05,0.001498886151239276,0.011246899142861366,0.005511341839751483
DDR,ret_5d,11,9.632375622459222e-06,0.0012001049472019076,0.009652928449213505,0.0047302450002003685
DDR,ret_5d,12,8.228457772929687e-06,0.001125786453485489,0.008907741867005825,0.004365079638906151
DDR,ret_5d,13,8.610629265604075e-06,0.0010730302892625332,0.008033686317503452,0.0039367643442591825
DDR,ret_5d,14,3.7856252674828283e-06,0.000817583582829684,0.006309006828814745,0.0030916159966629057
DDR,ret_5d,15,4.288934633223107e-06,0.0007649168255738914,0.006137065123766661,0.0030073590382788526
DDR,ret_5d,16,4.3620339056360535e-06,0.0007085174438543618,0.005542959552258253,0.0027162282250749277
DDR,ret_5d,17,1.9214298845326994e-06,0.0005370190483517945,0.004138462711125612,0.0020279796593139134
DDR,ret_5d,18,1.09005657122907e-06,0.0003778950194828212,0.0033785183914005756,0.0016555825326053952
DDR,ret_5d,19,2.4629171093693003e-06,0.0004903240478597581,0.004117447882890701,0.002017681718465056
DDR,ret_5d,20,3.816376192844473e-06,0.000647515757009387,0.004932541400194168,0.002417103723425074
DDR,ret_20d,1,0.0004884530790150166,0.0161285400390625,0.14191561937332153,0.06954321194058867
DDR,ret_20d,2,0.00010198045492870733,0.006543290335685015,0.06809765100479126,0.033370036345503916
DDR,ret_20d,3,3.1998137274058536e-05,0.003571507055312395,0.043934453278779984,0.021529293317761863
DDR,ret_20d,4,2.956284151878208e-05,0.003107045777142048,0.030552024021744728,0.014971473127062755
DDR,ret_20d,5,1.564002741361037e-05,0.002354800933972001,0.02152496576309204,0.01054792462370796
DDR,ret_20d,6,6.485459380201064e-06,0.001599671202711761,0.016337700188159943,0.00800599787270907
DDR,ret_20d,7,3.332380401843693e-06,0.0011610242072492838,0.012656751088798046,0.006202214578876894
DDR,ret_20d,8,3.186759840900777e-06,0.0009083023760467768,0.009906559251248837,0.004854532240029872
DDR,ret_20d,9,1.990774080695701e-06,0.0007341234595514834,0.008221342228353024,0.0040287217682393175
DDR,ret_20d,10,1.1568115496629616e-06,0.0005894104833714664,0.006489084102213383,0.0031798596448599486
DDR,ret_20d,11,1.2707315590887447e-06,0.0005415277555584908,0.005664023105055094,0.002775553254607329
DDR,ret_20d,12,7.236324677251105e-07,0.00043841986916959286,0.004630515351891518,0.0022691012584290455
DDR,ret_20d,13,4.913592874800088e-07,0.0003550606779754162,0.003921696916222572,0.001921757457113906
DDR,ret_20d,14,6.839732122898567e-07,0.0003727263247128576,0.0035724318586289883,0.0017506063602090746
DDR,ret_20d,15,3.647880362223077e-07,0.0002822526730597019,0.002916652010753751,0.00142925317055638
DDR,ret_20d,16,2.710115722948103e-07,0.00023765243531670421,0.0026094524655491114,0.001278715525901356
DDR,ret_20d,17,2.917477956998482e-07,0.0002470847393851727,0.002372822491452098,0.0011627592378423536
DDR,ret_20d,18,3.725337762716663e-07,0.00022436452854890376,0.0021766754798591137,0.0010666409017567324
DDR,ret_20d,19,2.1907270308929583e-07,0.00017841695807874203,0.001914148684591055,0.0009379943394964952
DDR,ret_20d,20,2.081913095253185e-07,0.00017688822117634118,0.0020570692140609026,0.0010080299896629292
DDR,rv20,1,0.000665951578412205,0.017539972439408302,0.12271620333194733,0.06013488137911262
DDR,rv20,2,0.00012968902592547238,0.00833477359265089,0.06558319181203842,0.03213787057453562
DDR,rv20,3,9.243858221452683e-05,0.00671396404504776,0.044203247874975204,0.021661011303803386
DDR,rv20,4,5.542880535358563e-05,0.005031262990087271,0.031476184725761414,0.01542434155684095
DDR,rv20,5,2.6061472453875467e-05,0.0034837389830499887,0.023912250995635986,0.011717771069240586
DDR,rv20,6,2.0885032427031547e-05,0.002695132978260517,0.019313009455800056,0.009463994983259618
DDR,rv20,7,1.1613403330557048e-05,0.0018862460274249315,0.014888680540025234,0.007295931701407472
DDR,rv20,8,7.651387932128273e-06,0.0014613070525228977,0.011699039489030838,0.005732905132498283
DDR,rv20,9,5.441752819024259e-06,0.001155015197582543,0.009838003665208817,0.004820937800807851
DDR,rv20,10,3.4633239920367487e-06,0.0009360108524560928,0.008096011355519295,0.003967305614818974
DDR,rv20,11,5.200351552048232e-06,0.0008209826773963869,0.006678955629467964,0.003272902792045979
DDR,rv20,12,1.3991070773045067e-06,0.0006161034689284861,0.005448491312563419,0.002669935753226074
DDR,rv20,13,2.739996716627502e-06,0.0005603244062513113,0.0048366389237344265,0.002370108429492538
DDR,rv20,14,2.693870328585035e-06,0.0004770887899212539,0.003868867177516222,0.0018958691882126726
DDR,rv20,15,7.862176403250487e-07,0.0003860846918541938,0.0033234746661037207,0.0016286093391597247
DDR,rv20,16,9.227514965459704e-07,0.000357159529812634,0.003003824269399047,0.0014719703773379842
DDR,rv20,17,5.291146294439386e-07,0.0002718872274272144,0.0023608077317476273,0.0011568716196630941
DDR,rv20,18,3.748176879980747e-07,0.00024662917712703347,0.002073381096124649,0.0010160233358253762
DDR,rv20,19,2.2091118978551094e-07,0.00021697531337849796,0.0018821497214958072,0.0009223138197465301
DDR,rv20,20,2.0291469127187156e-07,0.00021588134404737502,0.0019567792769521475,0.0009588846990834937
DDR,rsi,1,0.0034040003083646297,0.04615272581577301,0.21211272478103638,0.10394204837974573
DDR,rsi,2,0.00030608620727434754,0.013088461942970753,0.09400305151939392,0.046064514700657526
DDR,rsi,3,6.003148155286908e-05,0.005668831989169121,0.05556393787264824,0.02722811431746943
DDR,rsi,4,1.7861206288216636e-05,0.0029423688538372517,0.03709433227777481,0.01817741431689695
DDR,rsi,5,1.1497033483465202e-05,0.0022412205580621958,0.028152186423540115,0.013795475619163984
DDR,rsi,6,8.84929522726452e-06,0.0017817526822909713,0.02132422663271427,0.010449556001915123
DDR,rsi,7,4.843399892706657e-06,0.0014627184718847275,0.01684090867638588,0.008252586195414711
DDR,rsi,8,4.115233423362952e-06,0.0011708432575687766,0.013385836035013199,0.00655948962133684
DDR,rsi,9,3.1993238280847436e-06,0.0009829513728618622,0.011155497282743454,0.005466551992389981
DDR,rsi,10,2.163128556276206e-06,0.0008561712456867099,0.008897533640265465,0.004360077279906646
DDR,rsi,11,1.8711632492340868e-06,0.0006818550755269825,0.007021923083811998,0.0034409678610742797
DDR,rsi,12,1.0571526445346535e-06,0.0005503451102413237,0.0061471774242818356,0.0030123143903467865
DDR,rsi,13,8.832145113046863e-07,0.0004890555865131319,0.004884801805019379,0.0023937097883539467
DDR,rsi,14,6.276284238992957e-07,0.0004114767361897975,0.004298248328268528,0.0021062797441607863
DDR,rsi,15,4.794093797499954e-07,0.0003345917211845517,0.003666852368041873,0.0017968754426866372
DDR,rsi,16,4.4654879616246035e-07,0.0003072525141760707,0.0032234294340014458,0.0015795839618935926
DDR,rsi,17,3.8045544670239906e-07,0.0002893591590691358,0.002802139613777399,0.0013731384178045885
DDR,rsi,18,2.3707389118499123e-07,0.00023169159248936921,0.002393662463873625,0.001172971493726139
DDR,rsi,19,3.427115871090791e-07,0.0002631947281770408,0.0024941025767475367,0.0012221903752542718
DDR,rsi,20,4.1566033814888215e-07,0.00029717167490161955,0.0028747268952429295,0.001408708517286517
DDR,macd,1,0.005090890917927027,0.05040602385997772,0.500093400478363,0.2450618296501221
DDR,macd,2,0.0013082555960863829,0.02374333329498768,0.2686229646205902,0.1316338810570047
DDR,macd,3,0.0005452236509881914,0.016912981867790222,0.18872573971748352,0.09248167448920425
DDR,macd,4,0.000481128110550344,0.015800457447767258,0.14042893052101135,0.06881468664927494
DDR,macd,5,0.0003947722143493593,0.013305987231433392,0.10960030555725098,0.05370767017597234
DDR,macd,6,0.00030152886756695807,0.010638449341058731,0.08583349734544754,0.04206117074255282
DDR,macd,7,0.0001715641119517386,0.00795489177107811,0.07087540626525879,0.03473122564694097
DDR,macd,8,0.00011511622869875282,0.006326118018478155,0.05574161559343338,0.027315182107810237
DDR,macd,9,7.366206409642473e-05,0.0049974191933870316,0.046101827174425125,0.022591376144479133
DDR,macd,10,7.76085362304002e-05,0.004343952517956495,0.03873588889837265,0.018981829789153082
DDR,macd,11,5.3129195293877274e-05,0.003813978750258684,0.03230928257107735,0.01583258626084106
DDR,macd,12,2.9355669539654627e-05,0.0029661054722964764,0.026692520827054977,0.013080192591213966
DDR,macd,13,2.0529974790406413e-05,0.0024070884101092815,0.021921800449490547,0.010742386366703223
DDR,macd,14,1.94317071873229e-05,0.002208390738815069,0.01930750161409378,0.00946129596390709
DDR,macd,15,1.6124646208481863e-05,0.0019183142576366663,0.016798174008727074,0.008231644835588848
DDR,macd,16,9.28729696170194e-06,0.0014874421758577228,0.013502008281648159,0.0066164177537371
DDR,macd,17,9.635607966629323e-06,0.0013714429223909974,0.012557920999825,0.006153784660775491
DDR,macd,18,8.844491276249755e-06,0.0012225210666656494,0.011037788353860378,0.005408870836328634
DDR,macd,19,6.455841230490478e-06,0.0010578935034573078,0.009842613711953163,0.004823196871791115
DDR,macd,20,6.03990474701277e-06,0.0009923812467604876,0.009923036210238934,0.004862606479188639
DDR,volz,1,0.011233514174818993,0.0743250623345375,0.29936155676841736,0.14669677855857113
DDR,volz,2,0.0005731682758778334,0.016332359984517097,0.1363522857427597,0.06681699976271266
DDR,volz,3,0.00027958815917372704,0.009196544997394085,0.09010564535856247,0.04415466049392452
DDR,volz,4,0.00021517062850762159,0.009674717672169209,0.05848667770624161,0.028660350716763153
DDR,volz,5,0.00017962609126698226,0.008201119489967823,0.04660759121179581,0.02283921676835206
DDR,volz,6,9.090532694244757e-05,0.004954504780471325,0.0351087711751461,0.017204425598735775
DDR,volz,7,5.004538252251223e-05,0.003648808691650629,0.02964385412633419,0.014526440707139638
DDR,volz,8,4.034109952044673e-05,0.0029339336324483156,0.023085545748472214,0.011312658943670603
DDR,volz,9,4.0040806197794154e-05,0.002574492944404483,0.019622301682829857,0.009615558109227651
DDR,volz,10,2.982992009492591e-05,0.0022459698375314474,0.01677633263170719,0.008220941859285921
DDR,volz,11,2.9991468181833625e-05,0.002099469071254134,0.015242358669638634,0.007469245345353555
DDR,volz,12,9.2611644504359e-06,0.001274293870665133,0.010704888962209225,0.005245739441414387
DDR,volz,13,1.3633502021548338e-05,0.0013802204048261046,0.010786598548293114,0.005285779763175318
DDR,volz,14,1.2090239579265472e-05,0.0012142319465056062,0.00925969798117876,0.004537549439973839
DDR,volz,15,7.858749995648395e-06,0.0010149602312594652,0.008066593669354916,0.003952890003677895
DDR,volz,16,5.403926934377523e-06,0.0008210267405956984,0.006634943187236786,0.0032513352816364717
DDR,volz,17,7.596850991831161e-06,0.0008434360497631133,0.0068365540355443954,0.0033501310732152365
DDR,volz,18,4.316038939577993e-06,0.0006963449995964766,0.006011522840708494,0.0029458392870578623
DDR,volz,19,4.668474048230564e-06,0.000607018475420773,0.004845506977289915,0.002374454060583979
DDR,volz,20,5.271240752335871e-06,0.0007472256547771394,0.006159335840493441,0.0030182724048289085
DDR,boll,1,0.009311703965067863,0.07959698885679245,0.2641623318195343,0.12944802770525385
DDR,boll,2,0.0008840133668854833,0.01891373284161091,0.1425056755542755,0.06983235842235114
DDR,boll,3,0.000255534949246794,0.011361846700310707,0.07534372806549072,0.03692084685526512
DDR,boll,4,0.0001042924850480631,0.0069017172791063786,0.05066284164786339,0.024826419740040094
DDR,boll,5,5.957436951575801e-05,0.005103802774101496,0.04003284499049187,0.019617379933599268
DDR,boll,6,3.115027357125655e-05,0.0033740035723894835,0.02862967550754547,0.014029460607672899
DDR,boll,7,2.3669455913477577e-05,0.002903913613408804,0.023565953597426414,0.011548074220757607
DDR,boll,8,1.5216084648272954e-05,0.0024840673431754112,0.019173748791217804,0.009395752784446008
DDR,boll,9,1.0685032975743525e-05,0.002049072878435254,0.01631358452141285,0.007994180421387732
DDR,boll,10,7.637864655407611e-06,0.0014894858468323946,0.012404142878949642,0.006078428442065496
DDR,boll,11,5.67074175705784e-06,0.001263454556465149,0.010615774430334568,0.005202070458362965
DDR,boll,12,4.0676513890502974e-06,0.0011079831747338176,0.009516499936580658,0.004663390646813041
DDR,boll,13,3.0366704777406994e-06,0.0009145209915004671,0.007319299969822168,0.003586692087212035
DDR,boll,14,2.704434336919803e-06,0.0007932886946946383,0.006587618961930275,0.0032281448911428267
DDR,boll,15,1.796108790586004e-06,0.000665346859022975,0.005881686694920063,0.002882215405176603
DDR,boll,16,1.3458072771754814e-06,0.0005624117329716682,0.004873249679803848,0.0023880488759344723
DDR,boll,17,1.3246440175862517e-06,0.0005068524042144418,0.0042878445237874985,0.0021011815457862336
DDR,boll,18,1.2747362916343263e-06,0.00045577515265904367,0.003807232715189457,0.0018656663219223943
DDR,boll,19,1.3092641211187583e-06,0.0004456603492144495,0.003602352924644947,0.0017652686436464065
DDR,boll,20,2.792300165310735e-06,0.0005017644143663347,0.003984321840107441,0.0019524456813821034
TACR,ret_1d,1,0.00019185942073818296,0.008820882067084312,0.5570353269577026,0.26578731672467504
TACR,ret_1d,2,2.699513323989322e-08,6.949459202587605e-05,0.003287574974820018,0.0015686540669887416
TACR,ret_1d,3,1.9121356942264356e-08,8.449231245322153e-05,0.003275719005614519,0.0015629970357560724
TACR,ret_1d,4,3.7847271983082464e-08,0.00011797060869866982,0.0036193819250911474,0.001726974508646938
TACR,ret_1d,5,5.9326495716049976e-08,0.00016096899344120175,0.004235873464494944,0.0020211311341100146
TACR,ret_1d,6,6.66934525384022e-08,0.00016986479749903083,0.004345558118075132,0.0020734667551202193
TACR,ret_1d,7,5.843482853151727e-08,0.00017120997654274106,0.004536899738013744,0.002164764691319332
TACR,ret_1d,8,6.898378757114187e-08,0.00017826800467446446,0.004697142634540796,0.0022412239882991605
TACR,ret_1d,9,6.306414235268676e-08,0.00017580727580934763,0.004942142870277166,0.0023581249317436814
TACR,ret_1d,10,5.556530524586378e-08,0.00016507983673363924,0.005109707824885845,0.002438077921270887
TACR,ret_1d,11,5.707025962919943e-08,0.00015249480202328414,0.004917503334581852,0.0023463682697137046
TACR,ret_1d,12,6.154063214580674e-08,0.00017866084817796946,0.005986774805933237,0.0028565671412519003
TACR,ret_1d,13,5.600393038207585e-08,0.00015898063429631293,0.005559451412409544,0.002652671386993986
TACR,ret_1d,14,5.2450278786864146e-08,0.00015359625103883445,0.005893734749406576,0.0028121734272891037
TACR,ret_1d,15,7.4087125767619e-08,0.00017942259728442878,0.006591382436454296,0.0031450534041701198
TACR,ret_1d,16,6.340383151837159e-08,0.00017644693434704095,0.006536301225423813,0.0031187716109458107
TACR,ret_1d,17,6.715597322681788e-08,0.0001836013252614066,0.007202885113656521,0.0034368296127477776
TACR,ret_1d,18,7.640139898512643e-08,0.00019364948093425483,0.007607981562614441,0.0036301198637831407
TACR,ret_1d,19,1.2530693993539899e-07,0.00024364098499063402,0.00912531465291977,0.004354109656050723
TACR,ret_1d,20,1.1505144357215613e-06,0.000766833545640111,0.02106781303882599,0.01005242796256596
TACR,ret_5d,1,0.00044635048834607005,0.013956152833998203,0.477405846118927,0.22779240864602784
TACR,ret_5d,2,1.3653495223309164e-08,5.8667708799475804e-05,0.0032846187241375446,0.0015672435030649932
TACR,ret_5d,3,2.3245389613180123e-08,6.666655099252239e-05,0.0034064536448568106,0.0016253765784629132
TACR,ret_5d,4,2.2531816412652006e-08,6.838580156909302e-05,0.00363960862159729,0.0017366256010111036
TACR,ret_5d,5,1.6741886099680414e-08,6.734838098054752e-05,0.0038142248522490263,0.0018199430804517317
TACR,ret_5d,6,1.7568208221518944e-08,6.993726128712296e-05,0.003913302440196276,0.0018672175798840666
TACR,ret_5d,7,1.5670376996013147e-08,6.655742618022487e-05,0.003907546401023865,0.0018644711073848217
TACR,ret_5d,8,1.4778686718841527e-08,6.506537465611473e-05,0.004151531029492617,0.0019808874576313124
TACR,ret_5d,9,1.6655103962648354e-08,7.104694668669254e-05,0.004412567242980003,0.0021054399077060815
TACR,ret_5d,10,1.3630160111688383e-08,6.581197521882132e-05,0.0043472726829349995,0.0020742848533114836
TACR,ret_5d,11,2.1892326174111076e-08,7.259845733642578e-05,0.004710453096777201,0.0022475750254254785
TACR,ret_5d,12,1.8486218777979957e-08,7.331063534365967e-05,0.0049823010340332985,0.002377286248939894
TACR,ret_5d,13,1.7275361585689097e-08,7.312918751267716e-05,0.00514577329158783,0.002455286423420108
TACR,ret_5d,14,3.871504716812524e-08,7.939134957268834e-05,0.005337842740118504,0.002546931640301716
TACR,ret_5d,15,2.126472864460993e-08,7.9628276580479e-05,0.005765311419963837,0.0027508967173830072
TACR,ret_5d,16,2.4334779524792793e-08,7.631530024809763e-05,0.005807143170386553,0.002770856580179275
TACR,ret_5d,17,3.244489832354702e-08,8.202274329960346e-05,0.005911167711019516,0.002820491499528747
TACR,ret_5d,18,3.239093615547972e-08,9.326040890300646e-05,0.006852827966213226,0.003269801157968442
TACR,ret_5d,19,5.939703129342888e-08,0.0001209375259350054,0.008433246053755283,0.004023891720025096
TACR,ret_5d,20,3.1600751526639215e-07,0.00037304844590835273,0.019859718158841133,0.009475990022348257
TACR,ret_20d,1,0.00035635949461720884,0.012523149140179157,0.4292854964733124,0.20483196432014716
TACR,ret_20d,2,1.0254001203691132e-08,5.818083809572272e-05,0.0033890351187437773,0.0016170653940679003
TACR,ret_20d,3,9.846839787996942e-09,6.163040961837396e-05,0.003559571923688054,0.0016984363908348259
TACR,ret_20d,4,1.1437007785275455e-08,6.359149847412482e-05,0.003874845802783966,0.0018488681396000976
TACR,ret_20d,5,1.2939117333132799e-08,6.16219622315839e-05,0.003943799063563347,0.0018817689293257015
TACR,ret_20d,6,1.063119725586148e-08,5.971064092591405e-05,0.003967234864830971,0.0018929512339889163
TACR,ret_20d,7,1.0288516705259099e-08,5.8671434089774266e-05,0.004195720423012972,0.002001972260987703
TACR,ret_20d,8,9.012985024980935e-09,5.487839371198788e-05,0.00428797397762537,0.0020459906985124104
TACR,ret_20d,9,8.867078626906277e-09,5.746026727138087e-05,0.0042825136333703995,0.002043385315733821
TACR,ret_20d,10,8.115619287707432e-09,5.65851223655045e-05,0.004384485073387623,0.002092040605826018
TACR,ret_20d,11,1.0788904880598693e-08,6.19973725406453e-05,0.0046285828575491905,0.0022085109478868696
TACR,ret_20d,12,1.0361131508318522e-08,6.471489905379713e-05,0.00459233159199357,0.0021912137925115993
TACR,ret_20d,13,1.2153848594209649e-08,6.736398063367233e-05,0.00466375844553113,0.002225294847742906
TACR,ret_20d,14,1.6452149864676358e-08,7.523914246121421e-05,0.0049235098995268345,0.0023492342796455675
TACR,ret_20d,15,1.807638128070721e-08,7.473777077393606e-05,0.004983624443411827,0.002377917708760528
TACR,ret_20d,16,2.4688421973451113e-08,8.319819608004764e-05,0.005168913397938013,0.0024663276383626673
TACR,ret_20d,17,2.4649388308262132e-08,8.845081174513325e-05,0.005497943609952927,0.0026233231697779225
TACR,ret_20d,18,4.9155424619584664e-08,0.00010170305904466659,0.006032771896570921,0.0028785144805068487
TACR,ret_20d,19,7.465202855883035e-08,0.00013134632899891585,0.007067210040986538,0.0033720927607633106
TACR,ret_20d,20,6.203474072208337e-07,0.0003730833122972399,0.01847527176141739,0.008815406617108787
TACR,rv20,1,0.00012874091044068336,0.006780319381505251,0.28686341643333435,0.1368758030782462
TACR,rv20,2,1.101102320433256e-08,7.296100375242531e-05,0.002456627320498228,0.0011721705107534985
TACR,rv20,3,1.1440565828024774e-08,7.033278234302998e-05,0.002641889965161681,0.001260567886703328
TACR,rv20,4,1.5864440428003945e-08,8.336296014022082e-05,0.002832035068422556,0.0013512949094579936
TACR,rv20,5,1.7393160689493925e-08,9.527876682113856e-05,0.00300628156401217,0.0014344359712006685
TACR,rv20,6,2.406469690185986e-08,0.00011308580724289641,0.0032062483951449394,0.0015298493945664557
TACR,rv20,7,2.69212065973079e-08,0.00012334753409959376,0.0033651411067694426,0.0016056644558848038
TACR,rv20,8,2.7656591683467013e-08,0.00013045474770478904,0.0035117194056510925,0.0016756037413563328
TACR,rv20,9,3.4504662238532546e-08,0.00014163558080326766,0.0036758179776370525,0.001753902759418092
TACR,rv20,10,3.4242717106280907e-08,0.0001443360815756023,0.0038660478312522173,0.0018446702204863946
TACR,rv20,11,3.473252974117713e-08,0.00014494116476271302,0.004028355702757835,0.0019221148125311775
TACR,rv20,12,3.9783710548135787e-08,0.0001529052824480459,0.004271274898201227,0.002038022795406236
TACR,rv20,13,4.284153121147938e-08,0.00015790834731888026,0.004492050968110561,0.002143365268995307
TACR,rv20,14,4.593081115444875e-08,0.000160045427037403,0.004694704432040453,0.0022400606091222295
TACR,rv20,15,4.934070929607515e-08,0.00016485049854964018,0.004969389643520117,0.0023711256273893267
TACR,rv20,16,5.6700660167052774e-08,0.00017689302330836654,0.00539598660543561,0.0025746747675303556
TACR,rv20,17,6.061099355747501e-08,0.00018050422659143806,0.005755591671913862,0.0027462589760613716
TACR,rv20,18,8.4890245943825e-08,0.00020015945483464748,0.0063871960155665874,0.003047626619381154
TACR,rv20,19,1.2809869076590985e-07,0.0002443392586428672,0.007710282225161791,0.0036789322411706184
TACR,rv20,20,9.970755172616919e-07,0.0007145775598473847,0.017321564257144928,0.00826491940919606
TACR,rsi,1,0.0006465314072556794,0.016016941517591476,0.6903310418128967,0.32938886705318704
TACR,rsi,2,1.7299838361850561e-07,0.00034474371932446957,0.007070023100823164,0.003373435001712096
TACR,rsi,3,1.860950220589075e-07,0.0003563688660506159,0.007079161237925291,0.003377795229551687
TACR,rsi,4,2.2195669657776307e-07,0.00038683813181705773,0.007565814536064863,0.0036100000252406177
TACR,rsi,5,2.2971003943439428e-07,0.00039346213452517986,0.0077516199089586735,0.003698656361929697
TACR,rsi,6,2.3347874389401113e-07,0.0003923234762623906,0.007721039466559887,0.0036840650185514987
TACR,rsi,7,2.398521985469415e-07,0.00040541961789131165,0.008095121011137962,0.003862556624304141
TACR,rsi,8,2.461119947838597e-07,0.00040891760727390647,0.008293775841593742,0.003957344031468438
TACR,rsi,9,2.5219966914846736e-07,0.0004058876074850559,0.008265950717031956,0.0039440673776605034
TACR,rsi,10,2.486966081960418e-07,0.0004052965377923101,0.008297008462250233,0.003958886464288579
TACR,rsi,11,2.5897591626744543e-07,0.0004072330775670707,0.00852753035724163,0.004068879121757327
TACR,rsi,12,2.565296313150611e-07,0.00040499246097169816,0.008589444682002068,0.004098421309565725
TACR,rsi,13,2.349397050238622e-07,0.00039196485886350274,0.008565678261220455,0.00408708125104162
TACR,rsi,14,2.525613638226787e-07,0.00040406122570857406,0.008863161318004131,0.004229024175676974
TACR,rsi,15,2.6832395860765246e-07,0.00041619723197072744,0.00910224486142397,0.0043431019915771705
TACR,rsi,16,2.732101336277992e-07,0.00041651949868537486,0.009264924563467503,0.004420724001168321
TACR,rsi,17,2.901516040765273e-07,0.00042706853128038347,0.009609552100300789,0.004585161737612474
TACR,rsi,18,3.3086533335335844e-07,0.00045844659325666726,0.010613872669637203,0.005064369529895983
TACR,rsi,19,4.2274595557501016e-07,0.0005097786197438836,0.012083159759640694,0.005765434353348172
TACR,rsi,20,1.6071051049948437e-06,0.0009358363458886743,0.023920131847262383,0.011413401182483835
TACR,macd,1,0.0008478228119201958,0.021232780069112778,0.8297885060310364,0.3959304729764703
TACR,macd,2,1.7159216270101751e-07,0.00026936616632156074,0.00576021010056138,0.002748462641966032
TACR,macd,3,2.3209497612697305e-07,0.00032497415668331087,0.0062543367967009544,0.0029842333414766913
TACR,macd,4,2.81446460803636e-07,0.0003538544988259673,0.006759170908480883,0.0032251130441948287
TACR,macd,5,3.1499521924160945e-07,0.00037416353006847203,0.006957019213587046,0.003319515620813968
TACR,macd,6,3.161427173381526e-07,0.0003799672413151711,0.007138581480830908,0.0034061473755587776
TACR,macd,7,3.3470794846834906e-07,0.000384608720196411,0.007504522800445557,0.003580754903505474
TACR,macd,8,2.9845213589396735e-07,0.00036643221392296255,0.007647518999874592,0.0036489850036602453
TACR,macd,9,2.880704812469048e-07,0.00036456191446632147,0.00781359151005745,0.00372822587892808
TACR,macd,10,2.642706817823637e-07,0.0003532675909809768,0.007952814921736717,0.003794655807560411
TACR,macd,11,3.1226130658978946e-07,0.00035270830267108977,0.008222565986216068,0.003923366516095124
TACR,macd,12,2.954480180505925e-07,0.00034055442665703595,0.008167816326022148,0.003897242921108778
TACR,macd,13,2.921561872426537e-07,0.00034285837318748236,0.00836257729679346,0.003990172387731155
TACR,macd,14,3.003807762524957e-07,0.0003377661050762981,0.008574092760682106,0.004091096197895544
TACR,macd,15,2.5564065708749695e-07,0.0003185039386153221,0.008605927228927612,0.004106285895002443
TACR,macd,16,2.467058948241174e-07,0.00031477853190153837,0.008955598808825016,0.004273130377673586
TACR,macd,17,2.286736418000146e-07,0.000302958651445806,0.009368997067213058,0.004470381805937049
TACR,macd,18,2.3651554670323094e-07,0.0002982098376378417,0.010272789746522903,0.004901623092591402
TACR,macd,19,2.515969299565768e-07,0.00029998624813742936,0.012068464420735836,0.005758422527514406
TACR,macd,20,1.2839710734624532e-06,0.0006007127813063562,0.031882598996162415,0.015212662514028096
TACR,volz,1,6.869392382213846e-05,0.005047273822128773,0.49441802501678467,0.2359097059915965
TACR,volz,2,7.271781399253996e-09,4.7392200940521434e-05,0.0034194751642644405,0.0016315897476023547
TACR,volz,3,1.638304070183949e-08,7.741664740024135e-05,0.003784127300605178,0.0018055821465858474
TACR,volz,4,2.0663255995145846e-08,9.034245886141434e-05,0.004086905624717474,0.001950051688163615
TACR,volz,5,3.4506740576034645e-08,0.00010999992809956893,0.004388050641864538,0.0020937419034497314
TACR,volz,6,2.982284641461774e-08,0.00011052678019041196,0.0044915154576301575,0.002143109752178372
TACR,volz,7,3.3425791912122804e-08,0.00011396954505471513,0.004782005213201046,0.002281715849373094
TACR,volz,8,2.6630493366042174e-08,0.00010303557064617053,0.004808967933058739,0.0022945810100114955
TACR,volz,9,3.3855311443176106e-08,0.00010443955397931859,0.004795251414179802,0.00228803622448138
TACR,volz,10,2.7535092428365715e-08,9.997512097470462e-05,0.0049985479563474655,0.0023850384069771607
TACR,volz,11,2.1259033644582814e-08,9.042963210958987e-05,0.005292413290590048,0.0025252551488727185
TACR,volz,12,1.7383882777721738e-08,8.13730075606145e-05,0.00489030173048377,0.0023333891263560965
TACR,volz,13,2.466757820229759e-08,9.25932836253196e-05,0.005328656639903784,0.002542548527042869
TACR,volz,14,1.8148515579241575e-08,8.118222467601299e-05,0.0052919466979801655,0.0025250325159591803
TACR,volz,15,1.7709368194118724e-08,8.10567507869564e-05,0.005605774000287056,0.0026747740360359234
TACR,volz,16,1.754016665245217e-08,7.756943523418158e-05,0.00572048407047987,0.0027295075157316596
TACR,volz,17,2.5665439551403324e-08,8.778080518823117e-05,0.006380073726177216,0.0030442282457159207
TACR,volz,18,2.622635975058074e-08,9.201317880069837e-05,0.006843704264611006,0.0032654478179734814
TACR,volz,19,2.4639644990998022e-08,9.36979049583897e-05,0.0075522963888943195,0.003603549892027036
TACR,volz,20,1.5758671167986904e-07,0.0002428904117550701,0.020997656509280205,0.010018953037662131
TACR,boll,1,0.0006949777598492801,0.022537697106599808,0.5538418292999268,0.2642635512966141
TACR,boll,2,5.3084349360688066e-08,0.0001902060757856816,0.004577311221510172,0.0021840468790793816
TACR,boll,3,6.32159498081819e-08,0.000206907294341363,0.004488524980843067,0.0021416828573971934
TACR,boll,4,8.273789120494257e-08,0.00023792768479324877,0.004734736401587725,0.0022591617132250597
TACR,boll,5,9.824335478469948e-08,0.0002630899252835661,0.00492801982909441,0.002351386175621232
TACR,boll,6,1.0154122520589226e-07,0.0002662043843884021,0.004777765832841396,0.002279693044937116
TACR,boll,7,1.0863642785352567e-07,0.0002769608690869063,0.004956452641636133,0.0023649527854692535
TACR,boll,8,1.2211661726269085e-07,0.0002948832116089761,0.0051576318219304085,0.0024609446766897278
TACR,boll,9,1.1459286497483845e-07,0.00028814910911023617,0.005117345601320267,0.0024417222576459873
TACR,boll,10,1.0978876474609933e-07,0.00028153634048067033,0.005061778239905834,0.0024152084995896087
TACR,boll,11,1.1796592502832937e-07,0.00028970802668482065,0.005280074663460255,0.002519367819222003
TACR,boll,12,1.2193940790439228e-07,0.00029219017596915364,0.005349136423319578,0.0025523203788766036
TACR,boll,13,1.0901615610237059e-07,0.00027847415185533464,0.0052601988427340984,0.0025098841459200638
TACR,boll,14,1.1185802861746197e-07,0.0002825536939781159,0.005462823901325464,0.0026065659325462624
TACR,boll,15,1.2830942353048158e-07,0.0002982193254865706,0.005720451939851046,0.0027294921847226435
TACR,boll,16,1.1318198289700376e-07,0.00028290387126617134,0.005665405187755823,0.0027032268334500325
TACR,boll,17,1.0644981784935226e-07,0.00027579840389080346,0.005797022953629494,0.0027660277567162794
TACR,boll,18,1.1994180226793105e-07,0.0002906637964770198,0.006407828535884619,0.0030574713490548492
TACR,boll,19,1.090500063583022e-07,0.0002716195012908429,0.007140254136174917,0.00340694547678176
TACR,boll,20,3.7298386246220616e-07,0.0003147035895381123,0.019628649577498436,0.009365736515537697
