model,bps,crisis_mult,vol_k,sharpe_model_mean,sharpe_model_std,sharpe_em_mean,sharpe_em_std,margin_mean,wins_vs_em
B (DDR-naive),0.0,1.0,0.0,0.2616,0.2088,-0.0176,0.134,0.2792,5
B (DDR-naive),0.5,1.0,0.0,0.2225,0.2067,-0.051,0.1334,0.2735,5
B (DDR-naive),1.0,1.0,0.0,0.1833,0.2045,-0.0845,0.1328,0.2678,5
B (DDR-naive),2.0,1.0,0.0,0.105,0.2003,-0.1514,0.1317,0.2564,5
B (DDR-naive),5.0,1.0,0.0,-0.1302,0.188,-0.3523,0.1284,0.2221,5
B (DDR-naive),10.0,1.0,0.0,-0.5219,0.1687,-0.6871,0.124,0.1652,5
B (DDR-naive),1.0,5.0,0.0,0.1783,0.2046,-0.0887,0.1328,0.267,5
B (DDR-naive),5.0,5.0,0.0,-0.1552,0.1883,-0.3733,0.1285,0.2181,5
B (DDR-naive),0.5,1.0,0.5,0.233,0.2073,-0.042,0.1335,0.275,5
B (DDR-naive),0.5,1.0,1.0,0.243,0.2079,-0.0335,0.1336,0.2765,5
B (DDR-naive),0.5,1.0,2.0,0.2468,0.2083,-0.0302,0.1336,0.2771,5
B (DDR-naive),1.0,1.0,0.5,0.2044,0.2059,-0.0664,0.133,0.2708,5
B (DDR-naive),1.0,1.0,1.0,0.2243,0.2071,-0.0495,0.1331,0.2738,5
B (DDR-naive),1.0,1.0,2.0,0.232,0.2078,-0.0429,0.1332,0.2749,5
B (DDR-naive),2.0,1.0,0.5,0.1472,0.203,-0.1152,0.132,0.2624,5
B (DDR-naive),2.0,1.0,1.0,0.1869,0.2053,-0.0814,0.1322,0.2683,5
B (DDR-naive),2.0,1.0,2.0,0.2023,0.2067,-0.0682,0.1324,0.2705,5
B (DDR-naive),5.0,1.0,0.5,-0.0246,0.1944,-0.2618,0.129,0.2372,5
B (DDR-naive),5.0,1.0,1.0,0.0746,0.2002,-0.1772,0.1294,0.2518,5
B (DDR-naive),5.0,1.0,2.0,0.1131,0.2037,-0.1442,0.1298,0.2573,5
B-vt (DDR-voltarget),0.0,1.0,0.0,0.4129,0.2064,0.0402,0.2554,0.3727,5
B-vt (DDR-voltarget),0.5,1.0,0.0,0.375,0.205,0.0093,0.2587,0.3657,5
B-vt (DDR-voltarget),1.0,1.0,0.0,0.3371,0.2037,-0.0217,0.2621,0.3588,5
B-vt (DDR-voltarget),2.0,1.0,0.0,0.2613,0.2019,-0.0836,0.2688,0.345,5
B-vt (DDR-voltarget),5.0,1.0,0.0,0.034,0.2012,-0.2694,0.2895,0.3034,5
B-vt (DDR-voltarget),10.0,1.0,0.0,-0.3448,0.2161,-0.5789,0.3249,0.234,4
B-vt (DDR-voltarget),1.0,5.0,0.0,0.3307,0.2038,-0.027,0.2623,0.3577,5
B-vt (DDR-voltarget),5.0,5.0,0.0,0.002,0.2014,-0.2958,0.2903,0.2978,5
B-vt (DDR-voltarget),0.5,1.0,0.5,0.3843,0.2055,0.0171,0.2575,0.3672,5
B-vt (DDR-voltarget),0.5,1.0,1.0,0.393,0.206,0.0245,0.2564,0.3685,5
B-vt (DDR-voltarget),0.5,1.0,2.0,0.3959,0.2059,0.027,0.2557,0.3689,5
B-vt (DDR-voltarget),1.0,1.0,0.5,0.3557,0.2046,-0.006,0.2597,0.3617,5
B-vt (DDR-voltarget),1.0,1.0,1.0,0.3731,0.2055,0.0087,0.2575,0.3644,5
B-vt (DDR-voltarget),1.0,1.0,2.0,0.3789,0.2053,0.0138,0.2561,0.3651,5
B-vt (DDR-voltarget),2.0,1.0,0.5,0.2985,0.2032,-0.0522,0.2641,0.3507,5
B-vt (DDR-voltarget),2.0,1.0,1.0,0.3333,0.2047,-0.0228,0.2596,0.3561,5
B-vt (DDR-voltarget),2.0,1.0,2.0,0.3449,0.2043,-0.0126,0.2568,0.3575,5
B-vt (DDR-voltarget),5.0,1.0,0.5,0.1267,0.2012,-0.1909,0.2773,0.3176,5
B-vt (DDR-voltarget),5.0,1.0,1.0,0.2136,0.203,-0.1175,0.2659,0.3311,5
B-vt (DDR-voltarget),5.0,1.0,2.0,0.2425,0.2017,-0.0918,0.2591,0.3344,5
C (TACR),0.0,1.0,0.0,-0.584,0.1127,-0.585,0.1145,0.0009,1
C (TACR),0.5,1.0,0.0,-0.5882,0.1169,-0.589,0.1186,0.0009,1
C (TACR),1.0,1.0,0.0,-0.5923,0.1211,-0.5931,0.1228,0.0008,1
C (TACR),2.0,1.0,0.0,-0.6005,0.1297,-0.6013,0.1311,0.0007,1
C (TACR),5.0,1.0,0.0,-0.6253,0.1558,-0.6257,0.1566,0.0004,1
C (TACR),10.0,1.0,0.0,-0.6665,0.2,-0.6664,0.1998,-0.0001,0
C (TACR),1.0,5.0,0.0,-0.5927,0.1214,-0.5936,0.1231,0.0008,1
C (TACR),5.0,5.0,0.0,-0.6275,0.1573,-0.6279,0.1581,0.0004,1
C (TACR),0.5,1.0,0.5,-0.5871,0.1158,-0.588,0.1175,0.0009,1
C (TACR),0.5,1.0,1.0,-0.5861,0.1147,-0.587,0.1165,0.0009,1
C (TACR),0.5,1.0,2.0,-0.5857,0.1142,-0.5866,0.1161,0.0009,1
C (TACR),1.0,1.0,0.5,-0.5901,0.1189,-0.591,0.1206,0.0009,1
C (TACR),1.0,1.0,1.0,-0.5881,0.1167,-0.589,0.1185,0.0009,1
C (TACR),1.0,1.0,2.0,-0.5873,0.1158,-0.5882,0.1176,0.0009,1
C (TACR),2.0,1.0,0.5,-0.5963,0.1251,-0.5971,0.1267,0.0008,1
C (TACR),2.0,1.0,1.0,-0.5922,0.1208,-0.5931,0.1226,0.0009,1
C (TACR),2.0,1.0,2.0,-0.5905,0.1189,-0.5914,0.1207,0.0009,1
C (TACR),5.0,1.0,0.5,-0.6146,0.1441,-0.6152,0.1453,0.0006,1
C (TACR),5.0,1.0,1.0,-0.6045,0.1332,-0.6053,0.1348,0.0008,1
C (TACR),5.0,1.0,2.0,-0.6002,0.1283,-0.6012,0.1301,0.0009,1
D (fuzzy+IQL),0.0,1.0,0.0,-0.239,0.0631,0.0671,0.0803,-0.3061,0
D (fuzzy+IQL),0.5,1.0,0.0,-0.2563,0.0627,0.0512,0.0801,-0.3076,0
D (fuzzy+IQL),1.0,1.0,0.0,-0.2737,0.0623,0.0354,0.0798,-0.3091,0
D (fuzzy+IQL),2.0,1.0,0.0,-0.3083,0.0616,0.0038,0.0793,-0.3121,0
D (fuzzy+IQL),5.0,1.0,0.0,-0.4121,0.0594,-0.0909,0.0777,-0.3212,0
D (fuzzy+IQL),10.0,1.0,0.0,-0.585,0.0561,-0.2488,0.0751,-0.3362,0
D (fuzzy+IQL),1.0,5.0,0.0,-0.2763,0.0622,0.0329,0.0798,-0.3093,0
D (fuzzy+IQL),5.0,5.0,0.0,-0.4255,0.059,-0.1035,0.0775,-0.322,0
D (fuzzy+IQL),0.5,1.0,0.5,-0.2522,0.0628,0.0551,0.0801,-0.3073,0
D (fuzzy+IQL),0.5,1.0,1.0,-0.2482,0.0628,0.0588,0.0801,-0.307,0
D (fuzzy+IQL),0.5,1.0,2.0,-0.2468,0.0628,0.0601,0.0802,-0.3069,0
D (fuzzy+IQL),1.0,1.0,0.5,-0.2653,0.0624,0.0432,0.0799,-0.3085,0
D (fuzzy+IQL),1.0,1.0,1.0,-0.2574,0.0626,0.0506,0.08,-0.308,0
D (fuzzy+IQL),1.0,1.0,2.0,-0.2547,0.0625,0.0531,0.08,-0.3077,0
D (fuzzy+IQL),2.0,1.0,0.5,-0.2916,0.0618,0.0194,0.0794,-0.311,0
D (fuzzy+IQL),2.0,1.0,1.0,-0.2758,0.0621,0.0341,0.0796,-0.3099,0
D (fuzzy+IQL),2.0,1.0,2.0,-0.2703,0.062,0.0391,0.0797,-0.3094,0
D (fuzzy+IQL),5.0,1.0,0.5,-0.3703,0.06,-0.052,0.078,-0.3183,0
D (fuzzy+IQL),5.0,1.0,1.0,-0.3309,0.0606,-0.0154,0.0785,-0.3155,0
D (fuzzy+IQL),5.0,1.0,2.0,-0.3173,0.0604,-0.0029,0.0788,-0.3144,0
D-minus-fuzzy,0.0,1.0,0.0,-0.2385,0.0654,0.0553,0.0576,-0.2938,0
D-minus-fuzzy,0.5,1.0,0.0,-0.2556,0.0643,0.0396,0.0567,-0.2952,0
D-minus-fuzzy,1.0,1.0,0.0,-0.2726,0.0632,0.0239,0.0557,-0.2966,0
D-minus-fuzzy,2.0,1.0,0.0,-0.3068,0.061,-0.0074,0.0538,-0.2994,0
D-minus-fuzzy,5.0,1.0,0.0,-0.4092,0.0546,-0.1014,0.0482,-0.3078,0
D-minus-fuzzy,10.0,1.0,0.0,-0.5797,0.0442,-0.2579,0.0394,-0.3217,0
D-minus-fuzzy,1.0,5.0,0.0,-0.2753,0.0631,0.0214,0.0556,-0.2967,0
D-minus-fuzzy,5.0,5.0,0.0,-0.4226,0.0541,-0.1143,0.0475,-0.3083,0
D-minus-fuzzy,0.5,1.0,0.5,-0.2514,0.0646,0.0435,0.0569,-0.2949,0
D-minus-fuzzy,0.5,1.0,1.0,-0.2475,0.0648,0.0471,0.0571,-0.2946,0
D-minus-fuzzy,0.5,1.0,2.0,-0.2462,0.0649,0.0483,0.0571,-0.2945,0
D-minus-fuzzy,1.0,1.0,0.5,-0.2644,0.0637,0.0316,0.0561,-0.296,0
D-minus-fuzzy,1.0,1.0,1.0,-0.2565,0.0642,0.0389,0.0565,-0.2954,0
D-minus-fuzzy,1.0,1.0,2.0,-0.2538,0.0644,0.0414,0.0566,-0.2952,0
D-minus-fuzzy,2.0,1.0,0.5,-0.2903,0.0621,0.008,0.0546,-0.2982,0
D-minus-fuzzy,2.0,1.0,1.0,-0.2746,0.0631,0.0225,0.0554,-0.2971,0
D-minus-fuzzy,2.0,1.0,2.0,-0.2692,0.0634,0.0275,0.0556,-0.2967,0
D-minus-fuzzy,5.0,1.0,0.5,-0.3679,0.0572,-0.063,0.0503,-0.3049,0
D-minus-fuzzy,5.0,1.0,1.0,-0.3288,0.0596,-0.0266,0.0522,-0.3022,0
D-minus-fuzzy,5.0,1.0,2.0,-0.3153,0.0605,-0.0143,0.0526,-0.301,0
C+ (hybrid z-only),0.0,1.0,0.0,-0.3637,0.0837,-0.585,0.1145,0.2212,5
C+ (hybrid z-only),0.5,1.0,0.0,-0.3882,0.0853,-0.589,0.1186,0.2009,5
C+ (hybrid z-only),1.0,1.0,0.0,-0.4126,0.087,-0.5931,0.1228,0.1806,5
C+ (hybrid z-only),2.0,1.0,0.0,-0.4613,0.0904,-0.6013,0.1311,0.1399,5
C+ (hybrid z-only),5.0,1.0,0.0,-0.6076,0.1012,-0.6257,0.1566,0.0181,2
C+ (hybrid z-only),10.0,1.0,0.0,-0.8505,0.1205,-0.6664,0.1998,-0.1841,0
C+ (hybrid z-only),1.0,5.0,0.0,-0.413,0.0872,-0.5936,0.1231,0.1806,5
C+ (hybrid z-only),5.0,5.0,0.0,-0.6098,0.1027,-0.6279,0.1581,0.0181,2
C+ (hybrid z-only),0.5,1.0,0.5,-0.3799,0.0849,-0.588,0.1175,0.2081,5
C+ (hybrid z-only),0.5,1.0,1.0,-0.3722,0.0845,-0.587,0.1165,0.2148,5
C+ (hybrid z-only),0.5,1.0,2.0,-0.369,0.0843,-0.5866,0.1161,0.2176,5
C+ (hybrid z-only),1.0,1.0,0.5,-0.396,0.0862,-0.591,0.1206,0.195,5
C+ (hybrid z-only),1.0,1.0,1.0,-0.3807,0.0854,-0.589,0.1185,0.2084,5
C+ (hybrid z-only),1.0,1.0,2.0,-0.3743,0.0849,-0.5882,0.1176,0.2139,5
C+ (hybrid z-only),2.0,1.0,0.5,-0.4283,0.0887,-0.5971,0.1267,0.1687,5
C+ (hybrid z-only),2.0,1.0,1.0,-0.3976,0.0872,-0.5931,0.1226,0.1955,5
C+ (hybrid z-only),2.0,1.0,2.0,-0.3848,0.0861,-0.5914,0.1207,0.2067,5
C+ (hybrid z-only),5.0,1.0,0.5,-0.5252,0.0968,-0.6152,0.1453,0.09,5
C+ (hybrid z-only),5.0,1.0,1.0,-0.4483,0.0927,-0.6053,0.1348,0.157,5
C+ (hybrid z-only),5.0,1.0,2.0,-0.4163,0.0901,-0.6012,0.1301,0.1848,5
C+ (hybrid z+macro),0.0,1.0,0.0,-0.3486,0.2017,-0.5358,0.1047,0.1872,4
C+ (hybrid z+macro),0.5,1.0,0.0,-0.389,0.2026,-0.5399,0.1088,0.1509,4
C+ (hybrid z+macro),1.0,1.0,0.0,-0.4295,0.2035,-0.544,0.113,0.1145,4
C+ (hybrid z+macro),2.0,1.0,0.0,-0.5104,0.2053,-0.5522,0.1214,0.0418,4
C+ (hybrid z+macro),5.0,1.0,0.0,-0.7528,0.2105,-0.5767,0.1471,-0.176,0
C+ (hybrid z+macro),10.0,1.0,0.0,-1.1552,0.219,-0.6177,0.1907,-0.5375,0
C+ (hybrid z+macro),1.0,5.0,0.0,-0.4313,0.2041,-0.5444,0.1133,0.1131,4
C+ (hybrid z+macro),5.0,5.0,0.0,-0.7618,0.2134,-0.579,0.1486,-0.1828,0
C+ (hybrid z+macro),0.5,1.0,0.5,-0.3761,0.2024,-0.5388,0.1077,0.1628,4
C+ (hybrid z+macro),0.5,1.0,1.0,-0.3642,0.2023,-0.5379,0.1067,0.1736,4
C+ (hybrid z+macro),0.5,1.0,2.0,-0.3589,0.2021,-0.5374,0.1062,0.1785,4
C+ (hybrid z+macro),1.0,1.0,0.5,-0.4036,0.2031,-0.5419,0.1108,0.1383,4
C+ (hybrid z+macro),1.0,1.0,1.0,-0.3799,0.2028,-0.5399,0.1087,0.16,4
C+ (hybrid z+macro),1.0,1.0,2.0,-0.3692,0.2026,-0.5391,0.1078,0.1698,4
C+ (hybrid z+macro),2.0,1.0,0.5,-0.4586,0.2045,-0.548,0.117,0.0894,4
C+ (hybrid z+macro),2.0,1.0,1.0,-0.4112,0.204,-0.544,0.1128,0.1328,4
C+ (hybrid z+macro),2.0,1.0,2.0,-0.3899,0.2034,-0.5423,0.1109,0.1524,4
C+ (hybrid z+macro),5.0,1.0,0.5,-0.6236,0.2088,-0.5662,0.1357,-0.0573,0
C+ (hybrid z+macro),5.0,1.0,1.0,-0.5051,0.2073,-0.5564,0.1252,0.0513,4
C+ (hybrid z+macro),5.0,1.0,2.0,-0.4518,0.206,-0.5522,0.1205,0.1003,4
